DISTRICT,Actual_Min(mm),Actual_avg(mm),Actual_max (mm),Level (m),Level (m),Level (m),Level (m),Level (m),Level (m),Level (m),Level (m),Level (m),Level (m),Level (m),Soil Type,Soil Erosion Measure
NICOBAR,1842.01,2433.84,3448.05,3.67,4.15,3.99,4.86,4.16,5.43,4.56,2.93,4.4,3.91,4.12,0,2
NORTH & MIDDLE ANDAMAN,2845.49,3825.6,5354.98,2.3,1.51,1.31,2.46,2.07,2.7,2.46,1.01,0.89,1.57,1.4,1,2
SOUTH ANDAMAN,2628.07,3479.25,5176.69,2.01,1.88,2.04,3.51,2.56,3.44,2.4,1.29,1.9,2.25,2.13,2,2
ANANTAPUR,597.17,811.97,2676.91,10.44,13.87,17,17.71,22.48,18.89,25.53,16.73,13.58,18.97,11.63,1,2
CHITTOOR,756.74,2352.18,7308.23,13.01,13.07,15.01,19.91,23.37,10.84,21.8,14.44,13.91,21.46,9.2,1,2
EAST GODAVARI,977.93,1755.82,4478.85,7.91,9.36,8.27,8.57,9.15,9.78,9.29,8.77,7.31,8.51,8.45,3,2
GUNTUR,667.67,1192.08,3798.79,5.19,7.91,9.49,7.53,8.69,12.54,10.6,8.98,6.76,9.32,7.7,1,2
KRISHNA,735.21,1053.08,2723.61,7.36,9.19,7.91,6.91,7.92,10.09,10.79,9.74,7.05,10.69,8.97,1,2
KURNOOL,494.13,863.49,2720.92,7.9,10.84,11.77,9.81,10.77,15.07,13.54,9.62,10.26,9.75,7.56,1,3
PRAKASAM,591.06,1323.31,5698.45,8.8,13.74,12.82,12.14,16.56,19.74,24.31,18.29,10.36,17.69,10.18,1,2
SRI POTTI SRIRAMULU NELLORE,768.76,2395.44,10461.59,5.87,7.32,7.86,8.65,9.07,5.98,10.98,9.51,8.26,9.44,4.1,1,1
SRIKAKULAM,906.65,1390.77,2180.08,5.32,6.89,6.07,5.53,6.27,6.35,7.45,5.87,4.76,4.9,6.54,1,2
VISAKHAPATNAM,844.53,1830.96,4774.84,6.21,8.97,8.06,8.3,8.18,8.38,9.04,7.35,5.44,8.4,8.6,1,2
VIZIANAGARAM,745.93,1210.83,2788.91,4.25,6.64,5.92,6.32,6.42,6.74,7.54,6.62,6.56,6.28,7.42,3,2
WEST GODAVARI,879.34,1256.77,2802.35,14.78,17.78,15.33,15.91,17.55,19.54,20.56,15.15,8.52,19.24,18.25,0,1
Y.S.R.,718.98,1602.29,7194.98,10.72,14.52,18.82,15.76,22.81,14.42,22.16,16.88,25.25,19.6,6.71,2,3
ANJAW,2123.09,2669.23,4486.53,3.81,4.61,4.44,3.79,3.51,3.23,4.05,5.23,4.6,4.68,4.03,3,2
CHANGLANG,2354.99,2794.48,4213.28,4.4,4.55,4.67,3.64,3.69,3.46,3.55,3.76,4.78,4.44,4.1,1,2
DIBANG VALLEY,2783.02,5097.59,15856.19,5.39,6.05,4.08,6.63,6.56,6.36,7.09,7.4,6.03,5.31,5.2,3,1
EAST KAMENG,1431.9,2477.23,5551.7,7.05,6.03,5.11,6.83,7.39,7.5,7.87,7.33,7.07,6.33,5.77,0,1
EAST SIANG,3280.09,5856.72,17578.45,6.23,6.83,4.16,7.71,7.72,7.55,8.82,9.15,6.31,5.93,5.86,2,2
KURUNG KUMEY,1966.98,3757.62,11062.83,7.05,6.05,5.05,6.68,7.48,7.1,8.02,7.54,6.08,6.33,5.79,0,3
LOHIT,2369.44,2965.59,4568.51,3.72,4.66,4.34,4.01,3.72,3.36,4.07,5.03,4.65,4.49,4.14,0,4
LOWER DIBANG VALLEY,2719.21,3810.48,7391.18,5.24,6.04,4.05,6.35,6.31,6.12,7.03,7.38,5.94,5.4,5.3,2,3
LOWER SUBANSIRI,2214.98,3775.33,10022.12,7.01,6.1,5.07,6.83,7.44,7.31,8,7.51,6.49,6.27,5.73,0,4
PAPUM PARE,1810.34,2660.74,4729.45,7.03,6.03,5.13,6.42,7.19,7.16,7.85,7.3,6.81,6.31,5.73,0,3
TAWANG,1554.89,2958.73,8903.28,7.06,6.02,5.1,7.01,7.48,7.66,7.87,7.34,7.2,6.35,5.79,0,2
TIRAP,2544.81,3504.32,7692.24,7.05,4.61,6.1,4.49,6.45,5.94,5.61,4.47,6.92,6.32,5.52,3,2
UPPER SIANG,3206,7315.29,28668.67,5.93,6.56,4.24,7.36,7.54,7.16,7.83,8.24,6.2,5.88,5.77,1,2
UPPER SUBANSIRI,2474.03,6321.03,25184.52,6.78,6.05,4.96,6.84,7.49,7.07,8.09,7.78,5.96,6.12,5.71,2,2
WEST KAMENG,1557.89,2640.46,6193.07,7.06,6.01,5.11,6.98,7.46,7.64,7.85,7.3,7.2,6.35,5.77,3,1
WEST SIANG,2931.35,7774.33,33213.73,6.03,6.26,4.83,7.13,7.46,7.01,8.08,8.06,5.94,5.7,5.51,3,2
BAKSA,2505.02,3525.11,7357.72,2.68,3.38,3.4,3.16,2.43,4.01,3.83,3.24,2.74,3.37,3.48,0,1
BARPETA,2932.11,3459.67,5195.69,3.22,3.71,3.81,3.46,3.19,4.63,4.02,3.32,2.66,2.9,3.62,2,1
BONGAIGAON,2804.75,3491.44,5578.81,3.33,4.17,4.4,3.99,3.83,4.87,4.43,3.79,2.8,3.46,4.29,1,1
CACHAR,2748.06,3331.98,4318.95,2.72,3.17,4.01,4.36,4.74,3.59,3.41,1.17,5.59,2.19,3.24,1,2
CHIRANG,3493.72,3773.85,5098.59,2.9,4.21,4.04,3.72,3.59,4.46,3.86,3.63,2.81,3.23,3.86,2,2
DARRANG,1420.66,1820.23,2725.86,3.89,4.07,4.31,3.63,3.48,4.17,4.49,3.79,3.64,3.58,3.84,3,1
DHEMAJI,2567.77,4196.4,11571.17,3.13,3.29,3.33,3.74,3.37,3.49,3.52,3.74,2.53,3.27,2.34,0,2
DHUBRI,2479.32,3922.16,8553.43,6.49,7.53,8.3,8.08,7.95,9.81,6.82,10.44,2.91,8.67,7.38,3,4
DIBRUGARH,2182,3266.51,7422.32,3.74,4.52,4.12,3.94,3.04,3.95,3.42,3.5,2.58,3.75,3.48,2,1
DIMA HASAO,2252.91,2826.97,3710.02,6.73,5.36,4.02,3.97,5.88,6,5.71,4.78,5.39,5.21,5.29,1,2
GOALPARA,2469,3401.53,6043.23,4.4,4.76,4.99,4.5,4.95,5.38,4.97,5.09,2.83,4.15,4.2,1,1
GOLAGHAT,1623.48,1839.71,2650.73,4.66,6.45,4.65,4.34,5.32,5.14,5.21,4.15,4.04,4.33,4.7,3,1
HAILAKANDI,2654.51,3125.41,3771.52,2.96,2.61,2.16,2.97,2.21,1.68,1.78,0.88,5.01,1.34,2.26,0,2
JORHAT,2013.89,2373.36,3786.41,2.57,3.72,2.99,3.32,2.72,2.53,3.38,2.34,2.59,2.02,2.57,2,2
KAMRUP,1767.28,2349.84,3835.18,3.4,4.03,3.72,3.56,3.61,4.24,3.77,3.66,2.71,2.62,2.63,3,1
KAMRUP METROPOLITAN,1301.36,1608.91,2209.66,2.89,4.51,4.85,3.24,3.85,3.93,3.62,3.33,3.18,2.18,2.8,0,1
KARBI ANGLONG,1469.6,1737.72,2230.92,5.75,6.1,3.98,4.34,5.14,6.17,5.66,5.52,5.07,4.72,4.5,2,2
KARIMGANJ,2248.15,3189.56,5196.31,2.29,2.83,1.53,2.26,2.02,1.77,1.81,0.98,3.89,1.39,2.18,3,4
KOKRAJHAR,2714.09,3830.7,7297.26,4.02,6.82,7.58,7.78,7.05,8.75,6.11,8.08,2.88,8.39,5.92,0,2
LAKHIMPUR,2413.42,3365.82,6642.45,3.09,3.22,2.93,3.11,3.1,2.86,2.72,2.84,2.65,2.34,2.13,2,4
MARIGAON,1304.62,1617.91,1929.28,3.38,3.13,2.66,3.96,4.14,4.39,4.63,3.6,3.77,2.93,3.01,3,1
NAGAON,1417.24,1809.5,2190.27,5.18,4.84,3.23,4.3,4.61,5.64,5.62,4.99,5.35,3.31,3.94,3,1
NALBARI,1791.37,2427.52,4002.67,2.7,2.74,3.04,2.57,2.68,3.55,3.39,2.69,2.32,2.85,2.58,0,1
SIVASAGAR,1923.93,2863.36,6617.56,3.13,4.49,3.34,3.92,3.14,3.47,4.08,3.38,2.26,2.58,2.72,1,2
SONITPUR,1770.5,2543.9,3610.38,4.16,4.28,4.05,4.39,4.4,4.26,4.62,4.39,3.93,3.44,3.68,2,1
TINSUKIA,2203.5,2943.04,4217.95,3.92,4.17,4.18,3.13,2,3.26,2.77,2.27,3.08,2.97,3.3,3,1
UDALGURI,1775.94,2777.7,5943.85,4.15,4.1,3.43,4.13,3.14,3.43,3.35,3.13,3.55,3.93,2.92,0,1
ARARIA,846.1,1572.41,4216.09,3.56,3.75,3.97,3.67,4.23,3.78,3.8,3.6,3.31,2.81,3.31,1,1
ARWAL,3383.82,1475.58,3531.6,6.93,5.95,5.17,5,5.23,5.76,5.61,5.34,5.37,4.16,3.98,2,1
AURANGABAD,2030.76,1260.18,2776.19,7.69,10.11,13.19,9.83,13.32,13.52,11.74,11.89,12.93,6.08,5.82,3,1
BANKA,664.79,1480.08,3772.3,6.03,6.06,6.24,5.08,5.94,5.81,6.77,6.5,6.75,4.5,5.12,3,2
BEGUSARAI,930.6,1520.88,4008.4,7.94,7.73,7.07,6.83,6.59,7.2,6.99,6.66,7.55,5.24,4.9,0,1
BHAGALPUR,656.8,1384.03,2839.03,6.81,6.38,6.66,6.11,6.27,6.95,7.72,6.63,7.21,5.74,6.85,0,1
BHOJPUR,391.94,1405.04,3801.16,6.45,5.61,5.32,4.83,5.85,7,6.29,6.77,7.01,4.5,4.54,2,1
BUXAR,396.76,1197.3,2655.1,6.67,6.29,6.04,5.3,6.81,7.31,6.48,8.41,7.29,4.61,5.97,0,1
DARBHANGA,1086.35,1424.71,2743.42,4.05,4.3,4.29,4.48,4.44,5.59,3.93,4.19,5.41,3.31,2.57,0,1
GAYA,488.34,1723.45,4351.84,7.58,6.58,7.49,8.99,5.96,7.6,6.95,6.97,6.98,4.94,3.85,0,2
GOPALGANJ,832.36,1389.83,4088.34,4.38,4.68,3.96,3.51,3.69,4.48,3.95,4.74,5.57,2.45,2.6,3,1
JAMUI,557.85,1595.86,4536.27,9.3,8.33,7.47,8.46,9.28,8.26,7.82,8.43,8.76,6.87,6.14,1,2
JEHANABAD,3634.4,1656.32,4233.93,7.09,5.55,5.18,5.82,5.43,5.57,4.92,5.33,6.15,4.12,3.39,2,2
KAIMUR (BHABUA),1353.81,977.81,1454.63,8.79,8.34,7.35,7.75,8.52,8.33,9.27,9.72,10.38,5.38,8.4,3,1
KATIHAR,693.67,1892.51,4600.72,5.05,5.09,4.86,4.75,5.49,5.04,4.79,4.77,3.84,3.37,3.8,3,1
KHAGARIA,919.61,1230.13,2129.55,7.55,6.79,6.37,6.13,5.58,6.18,6.27,5.87,6.41,4.52,4.95,0,1
KISHANGANJ,1229.78,2049.07,3925.87,5.11,3.82,4.34,4.67,4.6,4.62,4.45,4.79,3.42,3.43,4.11,2,1
LAKHISARAI,518.23,1370.82,4070.68,8.43,8.21,7.16,6.32,6.58,8.72,7.39,7.39,6.97,5.17,5.04,1,2
MADHEPURA,821.64,1396.7,3566.09,4.38,4.67,4.86,4.36,4.26,4.36,4.04,4.28,4.21,3.51,3.75,1,1
MADHUBANI,934.85,1361.39,2885.23,3.16,4.17,4.21,3.93,3.36,4.31,3.06,3.39,4.03,2.42,2.21,2,1
MUNGER,714.64,1208.49,2601.33,7.28,7.06,6.53,6.59,5.82,7.17,6.84,6.09,7.99,4.54,4.46,3,2
MUZAFFARPUR,2784.21,1253.64,2784.21,5.44,4.87,5.24,4.85,4.73,5.77,5.37,5.52,6.54,3.92,2.73,0,1
NALANDA,649.73,1963.36,5253.52,5.84,4.34,5.36,5.17,5.51,6.88,5.84,6.3,6.94,4.69,3.96,3,1
NAWADA,486.36,2321.46,6401.9,7.89,6.1,7.43,5.2,6.14,6.43,5.96,6.51,7.4,4.29,4.41,2,1
PASHCHIM CHAMPARAN,5106.55,1615.08,5106.55,4.85,4.5,4.45,3.67,3.73,3.78,3.86,4.03,4.67,3.54,3.59,1,1
PATNA,643.47,1642.37,4408.03,6.92,5.91,5.62,6.44,6.61,7.26,6.53,7.51,7.56,5.02,4.24,1,1
PURBA CHAMPARAN,1005.14,1574.02,5542.58,4.48,4.4,4.62,3.3,3.85,4.14,3.84,4.34,4.96,3.38,3.11,3,1
PURNIA,603.94,1668.88,5176.98,4.43,4.41,4.72,4.33,4.91,4.62,4.25,4.44,3.85,3.31,3.65,1,1
ROHTAS,1546.98,1117.2,2120.85,8.06,7.87,7.15,7.13,7.11,8.3,7.52,8.56,9.22,6.35,7.78,1,1
SAHARSA,1041.4,1396.46,2759.7,4.25,4.64,4.02,3.55,3.21,3.58,3.52,3.66,4.28,3,3.11,1,1
SAMASTIPUR,1036.09,1553.06,3770.56,7.8,6.76,6.5,6.81,6.2,7.54,5.64,6.08,7.42,5.12,3.59,1,1
SARAN (CHHAPRA),538.06,1697.97,4837.57,6.47,6.03,5.77,5.05,5.07,6.1,5.38,6.58,7.47,3.3,3.2,1,1
SHEIKHPURA,630.91,1783.47,5127.62,7.27,6.02,7.1,5.47,4.19,6.47,6.01,6.31,7.65,5.19,4.04,1,1
SHEOHAR,6409.14,1590,6409.14,3.16,5.06,3.67,3.44,2.76,5.68,4.04,3.98,6.11,2.87,2.08,1,1
SITAMARHI,3983.18,1322.86,3983.18,3.48,4.34,3.74,3.63,3.37,4.97,3.55,3.47,4.48,2.29,2.09,1,1
SIWAN,557.94,1429.34,3627.66,5.78,5.58,4.57,4.3,4.24,5.43,4.4,5.95,6.31,3.13,3.37,1,1
SUPAUL,1015.89,1440.18,3356.72,2.96,3.53,2.98,3.11,3.05,2.82,3.07,2.9,3.34,3.13,2.99,1,1
VAISHALI,723.08,1626.9,4112.21,7,6.22,5.79,6.38,5.88,6.94,7.01,6.97,7.77,4.19,3.44,3,1
CHANDIGARH,1561.66,1271,1561.66,19.3,16.94,23.31,20.78,17.81,15.72,26.4,31.75,22.27,25.46,21.97,3,2
BASTAR,965.07,2051.88,5273.86,7.32,6.75,5.44,6.95,6.48,7.67,9.22,6.62,8.65,4.17,5.52,3,2
BIJAPUR,1098.5,2038.5,3778.59,7.33,6.83,5.43,6.71,6.43,7.34,8.8,8.31,7.65,4.26,4.29,3,2
BILASPUR,977.42,1497.57,2628.56,11.89,12.46,9.84,8.42,10.47,11.32,7,7.56,8.63,8.97,9.4,1,2
DAKSHIN BASTAR DANTEWADA,1272.79,2417.28,5470.84,7.3,6.72,5.43,6.79,6.44,7.4,9.48,8.19,8.01,3.71,3.86,3,3
DHAMTARI,939.14,1816.63,4929.99,7.57,6.86,5.45,6.12,6.68,7.17,6.97,6.98,5.88,4.75,5.22,0,2
DURG,948.1,1486.52,2859.86,7.75,6.9,5.43,6.27,6.27,6.81,9.13,7.46,7.08,4.75,6.2,0,2
JANJGIR-CHAMPA,919.62,2070.61,4357.67,7.53,6.96,5.42,7.34,10.37,7.97,5.81,8.67,6.92,4.7,5.54,2,2
JASHPUR,1205.99,1730.91,3502.65,7.47,6.92,5.27,6.4,8.92,9.59,7.43,7.43,10.43,6.1,5.68,0,3
KABEERDHAM,841.94,1401.24,2507.16,7.48,6.93,5.41,7.42,6.41,8.63,11.04,9.48,6.9,7.96,8.18,0,2
KORBA,1009.68,1791.85,3307.93,7.49,6.93,5.36,6.98,11.53,8.17,8.61,8.7,9.07,5.75,5.57,0,2
KORIYA,969.73,1333.46,2005,7.54,6.85,5.35,6.58,10.23,9.06,7.46,7.49,9.54,5.59,5.11,3,2
MAHASAMUND,1047.13,1792.13,3219.69,8.06,6.75,5.54,7,8.23,7.65,8.96,7.16,7.79,6.55,6.37,1,2
NARAYANPUR,930.11,1930.73,4557.92,7.37,6.89,5.43,6.64,6.45,7.5,9.62,7.21,7.61,5.09,6.4,2,3
RAIGARH,1106.11,2842.08,7072.97,3.76,4.72,4.66,4.2,3.62,4.11,3.88,4.08,4.32,2.33,2.41,3,2
RAIPUR,910.26,1624.8,3312.2,7.78,6.83,5.46,7.37,7.09,7.47,7.77,7.06,6.98,4.43,5.46,3,3
RAJNANDGAON,818.92,1438.87,2739.92,7.68,6.91,5.42,6.16,6.23,6.99,9.07,7.54,8.71,4.98,5.81,0,3
SURGUJA,1049.76,1452.63,2489.41,7.5,6.86,5.32,6.49,9.68,9.27,8.82,8.37,10.72,6.59,6.53,2,2
UTTAR BASTAR KANKER,962.4,1715.63,3887.27,7.5,6.9,5.44,5.96,6.47,7.28,8.86,6.38,6.43,4.27,6.21,1,2
DADRA & NAGAR HAVELI,2684.94,5300.46,7018.27,6.2,6.77,4.68,6.86,8.44,8.87,8.45,8.17,10.31,4.1,4.51,1,2
DAMAN,4458.83,3335.02,4458.83,5.37,5.36,5.34,6.03,9.34,7.34,6.57,6.72,5.69,4.02,3.51,2,4
DIU,5162.02,2271.15,5162.02,6.04,6.11,8.34,9.55,5.36,6.3,5.86,6.87,5.91,4.74,5.31,3,2
CENTRAL,700.92,835.89,1190.14,5,6.6,8.72,7.62,8.37,8.79,13.51,9.37,9.84,8.13,7.1,0,1
EAST,673.16,898.6,1336.35,6.33,7.94,8.67,9.13,10.25,10.73,11.17,10.41,12.36,11.91,10.67,3,1
NEW DELHI,685.49,900.75,1325.37,13.6,13.66,14.72,13.42,14.92,12.66,16.71,11.36,11.54,9.37,12.49,2,1
NORTH,665.63,919.36,1373.79,4.38,5.32,6.35,5.51,6.14,6.86,9.51,7.21,7.74,5.73,6.74,1,1
NORTH EAST,660.09,905.07,1353.1,4.76,5.54,6.28,6.15,7.42,8.82,22.44,8.21,9.52,6.88,7.23,1,1
NORTH WEST,660.31,1063.22,1661.91,6.07,6.72,7.32,6.68,7.65,8.57,8.4,9.73,8.25,8.09,7.61,0,1
SOUTH,672.71,964.24,1473.26,35.86,36.21,37.26,34.92,35.36,36.15,42.19,37.93,33.02,34.17,29.95,0,1
SOUTH WEST,714.04,1043.38,1594.21,17.98,19.51,21.27,22.4,21.01,21.74,23.02,22.69,20.63,19.95,17.89,2,1
WEST,688.6,1026.6,1567.82,7.96,6.2,7.8,7.73,8.31,8.2,7.2,7.89,7.2,8.7,6.07,0,1
NORTH GOA,3367.41,3353.77,4609.96,6.97,6.33,6.4,6.2,6.34,5.67,3.83,5.04,4.73,4.36,4.55,0,2
SOUTH GOA,3564.85,3654.93,5000.18,6.46,6.92,7.22,7.14,6.35,7.07,5.86,6.7,5.45,5.32,6.23,0,2
AHMADABAD,4787.93,1191.38,4787.93,20.87,20.43,18.82,16.59,17.47,20.09,17.08,19.73,18.66,16.09,17.24,3,1
AMRELI,6750.28,1552.63,6750.28,11.86,13.9,14.19,14.82,14.01,15.15,14.34,16.06,16.97,8.15,8.68,1,2
ANAND,2216.69,835.29,2216.69,10.82,10.89,11.84,9.73,9.25,10.66,11.97,13.09,11.99,9.85,9.75,2,1
BANAS KANTHA,11956.72,2280.05,11956.72,50.25,47.03,42.01,49.27,43.97,43.36,43.32,44.42,48.01,42.35,38.52,3,2
BHARUCH,11069.67,2293.18,11069.67,7.67,7.8,8.79,7.81,11.57,8.58,7.91,8.69,8.98,6.42,6.16,3,2
BHAVNAGAR,7957.64,1647.35,7957.64,11.32,15.46,14.88,20.07,14.11,13.86,13.18,17.94,15.45,7.45,7.22,0,2
DOHAD,113852.58,16742.74,113852.58,10.11,7.91,7.99,6.62,15.42,9.54,8.4,8.54,8.68,4.89,5.92,2,2
GANDHINAGAR,3575.16,1121.94,3575.16,30.81,72.34,69.56,78.43,68.56,69.09,70.13,70.76,72.23,65.29,76.35,1,1
JAMNAGAR,6739.95,1510.18,6739.95,9.55,10.12,13.48,10.69,8.93,13.4,13.31,11.25,11.8,4.5,4.68,1,2
JUNAGADH,5447.99,1529.45,5447.99,11.66,13.11,16.36,14.61,10.11,17.03,14.58,15.24,14.72,7.59,7.74,2,2
KACHCHH,5579.79,1235.46,5579.79,10.81,10.82,12.74,15.88,13.63,12.18,12.63,17.92,13.61,12.72,11.45,3,4
KHEDA,1962.02,855.83,1962.02,12.99,12.61,13.26,12.19,12.97,12.74,12.82,12.38,14.4,8.88,9.28,0,2
MAHESANA,12591.38,2472.45,12591.38,14.74,49.74,42.44,52.68,39.71,36.45,39.08,41.86,44.27,35.74,37.47,3,1
NARMADA,6015.4,1544.59,6015.4,8.82,10.57,10.68,10.54,11.19,10.69,10.02,11.49,12.14,7.86,8.41,2,3
NAVSARI,6489.48,2558.31,6489.48,8.07,9.25,8.47,7.7,8.15,8.49,8.89,9.57,7.72,4.6,4.67,3,1
PANCH MAHALS,32240.29,5138.27,32240.29,8.39,9.24,8.61,7.79,11.59,11.32,10.41,10.42,10.5,5.65,7.41,1,2
PATAN,18492.2,3195.31,18492.2,29.99,51.22,23.07,26.06,49.45,20.32,49.26,62.56,46.62,45.5,36.84,0,1
PORBANDAR,6255.15,1577.33,6255.15,8.21,8.96,15.89,11.22,10.05,15.35,16.8,14.54,15.92,6.84,5.38,2,1
RAJKOT,6266.97,1433.99,6266.97,8.57,10.33,10.67,8.91,10.77,10.77,10.52,11.32,10.77,5.39,5.74,3,2
SABAR KANTHA,2457.8,1124.36,2457.8,15.13,16.29,16.51,16.76,15.24,16.72,16.54,15.82,18.65,11.03,12.43,1,2
SURAT,6076.52,1983.84,6076.52,6.18,6.82,7.87,6.56,11.62,6.97,6.8,7.06,7.4,5.13,4.66,3,1
SURENDRANAGAR,5691.59,1313.12,5691.59,8.82,9.89,7.8,9.47,11.28,8.71,8.14,8.55,9.55,5.56,4.8,0,2
TAPI,7698.64,2196.46,7698.64,7.7,7.79,7.42,6.91,12.43,7.72,7.93,7.9,8.12,4.71,4.74,2,3
THE DANGS,9873.62,2956.01,9873.62,4.99,6.13,6.22,6.34,9.18,6.4,6.45,6.15,6.46,2.49,2.22,0,3
VADODARA,19282.66,3206.9,19282.66,11.24,12.7,14.76,12.76,13.83,13.91,14.38,13.92,16.34,11.39,11.53,0,2
VALSAD,8178.9,3272.85,8178.9,7.52,7.68,7.7,7.59,16.49,7.66,8.87,8.5,8.58,5.26,4.69,2,4
AMBALA,1602.51,1512,2076.31,14.8,18.55,22.64,21.91,13.9,16.96,22.56,13.75,21.35,17.16,12.75,0,1
BHIWANI,1006.36,1184.17,1910.54,18.33,18.2,10.62,17.16,18.49,18.18,18.42,19.12,15.69,17.03,16.26,0,2
FARIDABAD,669.08,937.04,1478.78,16.42,25.16,22.77,23.04,16.5,15.09,14.54,21.8,21.22,15.76,25.44,0,1
FATEHABAD,309.01,1054.4,1644.17,6.73,15.33,22.15,23.26,19.38,11.44,19.76,21.13,20.88,22.16,21.86,3,1
GURGAON,844.55,1049.55,1589.63,25.29,26.64,23.42,23,23.93,24.13,22.79,26.08,30.16,5.9,22.08,1,2
HISAR,318.87,1122.92,1883.13,8.52,8.72,8.45,8.16,7.88,8.44,8.85,8.64,8.3,7.92,8.09,2,1
JHAJJAR,928.11,1156.91,1791.79,5.14,5.51,7.06,6.02,6.12,6.24,5.28,6.28,6.72,4.63,5.04,3,1
JIND,1228.67,1222.05,1987.69,10.59,12.08,12.8,11.75,13.5,13.85,13.42,14.88,15.17,13.87,15.8,3,1
KAITHAL,1330.9,1279.5,2076.89,17.23,17.47,20.55,20.37,25.11,24.71,26.19,26.08,25.28,28.03,28.46,0,1
KARNAL,1410.76,1529.25,2420.82,15.47,19.7,18.81,18.35,20.84,21.24,22.12,22.43,21.66,22.44,23.41,2,1
KURUKSHETRA,1467.22,1476.42,2318.16,24.91,29.25,31.65,30.69,33.86,33.66,35.64,36.76,35.23,35.48,33.87,1,1
MAHENDRAGARH,912.39,1081.64,1583.15,22.78,32.03,28.55,25.11,35.79,23.5,28.96,34.12,26.38,24.17,46.6,1,3
MEWAT,708.25,1010.78,1463.07,6.85,15.3,10.69,11.48,9.95,6.96,7.08,10.48,7.33,5.05,5.37,2,1
PALWAL,687.6,986.43,1469.25,6.44,13.23,7.68,7.13,7.65,7.52,7.9,8.37,9.01,11.98,7.89,3,1
PANCHKULA,1599.77,1410.97,1656.06,20.11,23.94,21.48,22.33,11.95,11.52,8.33,12.75,10.87,10.83,8.38,0,2
PANIPAT,1388.59,1405.91,2121.13,11.59,15.55,12.43,13.78,20.98,15.7,17.33,18.99,15.82,16.99,19.35,3,1
REWARI,927.53,1111.35,1613.31,15.68,21.86,22.24,19.14,17.48,16.35,24.23,22.31,26.48,8.55,28.6,2,2
ROHTAK,1024.89,1210.35,1921.59,3.68,4.56,3.8,3.74,3.56,4.41,4.58,3.11,4.87,3.95,3.75,1,1
SIRSA,1095.91,925.13,1341.48,11.93,17.45,16.2,15.18,16.09,16.89,13.18,15.42,17.67,17.62,13.55,3,2
SONIPAT,1092.4,1230.79,1907.42,6.8,6.79,9.95,9.91,10.61,11.21,12.53,12.17,11.15,12.04,11.2,2,1
YAMUNANAGAR,1602.97,1848.54,2557.73,11.14,14.37,12.43,10.96,13.04,12.79,13.18,13.86,14.21,12.13,12.15,1,2
BILASPUR,1269.23,1259.56,1637.85,7.52,6.94,5.4,7.74,8.88,8.94,9.39,9.05,7.69,4.64,6.62,2,3
CHAMBA,2044.49,1111.59,2044.49,7.33,7.12,6.08,5.2,3.73,5.47,4.94,5.47,4.53,4.33,4.01,3,4
HAMIRPUR,1392.12,1211,1392.12,11.52,11.49,9.84,8.58,9.41,11.78,9.43,10.62,19.53,17.93,4.11,1,3
KANGRA,2070.99,1388.92,2070.99,7.31,7.57,6.88,6.36,5.46,6.98,6.56,6.59,5.67,4.8,4.65,0,2
KINNAUR,776.41,901.68,1955.51,9.11,8.94,9.05,8.39,8.46,10.27,9.18,10.29,9.54,8.14,11.34,2,3
KULLU,1372.19,1346.02,2502.1,4.71,4.2,3.83,3.72,3.3,4.95,5.15,4.97,5.06,3.05,3.97,3,3
LAHUL & SPITI,1169.09,1177.64,1954.71,5.53,5.74,4.94,4.9,4.1,6,5.94,5.91,5.75,4.07,4.56,1,4
MANDI,1499.83,1468.68,2190.51,4.73,5.24,4.45,4.24,3.75,4.05,4.77,4.62,4.53,3.44,3.47,3,3
SHIMLA,2077.56,1390.75,2539.91,10.63,10.44,10.18,9.04,9.4,10.4,9.92,10.11,10.43,8.84,11.68,0,3
SIRMAUR,1419.25,1401.24,2264.71,13.29,13.43,10.83,10.05,10.49,11.12,11.14,11.45,11.32,9.87,11.66,2,3
SOLAN,1029.88,1169.53,1892.09,10.26,10.77,14.67,10.79,10.92,17.43,13.48,10.8,12.96,9.45,12.06,0,3
UNA,1140.5,1133.56,1338.61,5.02,5.61,7.01,5.54,5.88,6.77,7.05,6.49,5.84,4.35,5.7,0,3
ANANTNAG,4.86,820.45,1992.68,7.77,3.61,9.79,8.15,7.51,10.39,7.73,7.69,7.42,6.75,6.5,2,3
DODA,4.03,713.38,1417.5,4.13,3.51,3.62,2.8,2.66,4.12,3.13,4.99,3.4,2.02,2.01,0,3
J&K District 1,5.4,815.02,2119.48,2.73,4.03,2.99,2.79,2.01,3.27,2.9,3.95,3.16,2.45,1.84,0,4
JAMMU,4.37,672.99,1601.74,7.81,7.72,7.42,5.98,5.49,6.99,6.95,7.33,7.08,5.01,5.9,0,2
KATHUA,2.52,636.7,1184.75,6.1,5.83,5.56,5.28,4.5,5.44,5.36,6.93,6.33,4.28,4.72,3,2
RAJOURI,1300.05,1567.4,1784.1,7.96,7.55,8.12,6.78,7.34,8.11,6.32,6.16,7.08,7.27,6.77,1,2
SAMBA,1290.5,1300.6,1456.4,7.06,7.33,7.04,7.48,7.17,5.34,6.87,5.09,4.1,6.36,5.6,2,2
UDHAMPUR,3.9,695.21,1414.86,4.44,4.37,4.07,2.42,2.51,4.07,3.62,5.06,3.43,1.79,1.78,3,2
BOKARO,1201.81,1841.06,3654.1,10.18,7.99,8.08,7.3,6.77,8.02,8.53,7.08,7.91,4.89,4.98,3,1
CHATRA,1381.01,2068.76,4707.8,11.14,9.55,9.2,9.27,7.87,9.12,9.37,9.09,11.12,6.26,7.04,0,2
DEOGHAR,1160.31,2768.24,11044.13,8.46,9.28,8.1,6.63,7.2,8.33,7.96,7.81,8.13,4.85,5.67,2,2
DHANBAD,1179.34,2437.13,9105.96,8.61,8.13,6.89,7.08,4.86,6.48,6.85,6.65,7.15,4.16,4.26,1,2
DUMKA,1244.4,2650.18,9390.75,7.64,8.73,6.99,6.8,6.83,7.27,6.72,6.52,6.2,5.22,5.32,1,2
GARHWA,1228.39,1315.45,2364.03,10.13,8.53,7.47,8.08,4.76,7.36,8.6,8.37,8.94,4.92,5.49,2,2
GIRIDIH,1260.63,2296.62,6818.94,9.93,8.43,8.09,6.64,7.28,8.43,9.44,9.12,9.27,5.33,5.25,3,2
GODDA,981.58,1794.31,4646.99,7.75,8.89,9.27,7.72,7.4,7.93,8.22,7.25,7.18,5.47,5.02,0,2
GUMLA,1230.79,1903.84,5144.11,6.55,6.64,5.64,5.96,3.52,6.53,6.9,6.69,7.04,4.18,4.67,3,2
HAZARIBAGH,1380.35,2429.65,5949.16,10.02,7.67,8.86,7.9,5.04,8.33,8.63,8.28,9.2,5.84,5.67,2,2
JAMTARA,1237.73,3125.24,13205.03,7.8,8.43,7.03,6.22,6.05,6.99,6.64,7.62,7.97,4.81,5.3,1,2
KHUNTI,1266.44,2193.91,7775.86,8.62,7.83,7.51,6.86,7.68,7.45,8.29,7.79,7.8,4.54,5.28,1,2
KODARMA,1371.69,2544.99,6003.45,9.78,8.52,8.09,6.68,4.31,7.25,8.47,7.2,8.84,4.95,5.73,1,2
LATEHAR,1298.46,1737.39,4016.27,9.69,8.39,7.83,7.28,7.05,8.5,8.32,7.83,9.74,6.11,5.73,1,2
LOHARDAGA,1285.93,2120.9,6745.33,8.81,7.78,7.58,7.01,4.08,7.72,8.08,7.68,8.55,5.28,5.1,1,2
PAKUR,1088.47,2046.36,5320.1,8.09,9.4,8.19,6.75,6.5,8.19,6.96,6.27,7.09,6.03,6.13,1,1
PALAMU,1256.94,1364.89,2487.66,10.64,8.79,6.71,8.83,6.52,8.28,8.97,8.4,10.19,5.15,6.37,1,2
PASHCHIMI SINGHBHUM,1168.12,1664.73,4200.74,7.63,7.87,7.09,6.74,6.65,8.27,7.43,6.3,6.36,3.62,4.9,1,3
PURBI SINGHBHUM,1126.59,1630.59,2629.13,9.42,8.8,10.39,7.46,7.62,8.74,9.23,7.34,7.6,4.68,5.34,3,2
RAMGARH,1277.68,2256.89,6880.27,7.99,6.75,7.5,7.12,5.2,7.68,7.33,6.68,8.01,4.69,5.1,1,2
RANCHI,1297.58,2272.3,7789.17,8.26,7.26,7.07,6.55,6.69,7.86,8.39,10.08,8,4.4,4.8,2,2
SAHIBGANJ,735.63,1663.85,4225.99,7.61,8.46,7.69,6.1,6.18,7.69,7.21,6.56,6.79,5.03,5.94,3,1
SARAIKELA-KHARSAWAN,1224.4,1587.14,3528.38,8.36,8.01,7.82,7.19,6.67,7.39,8.01,6.99,7.42,4.43,5.69,3,2
SIMDEGA,1165.69,1600.41,3509.75,8.17,7.37,7.2,5.71,2.95,6.77,6.91,6.27,6.92,3.84,4.61,0,2
BAGALKOT,4611,1116.68,4611,10.5,8.61,14.94,10.44,8.73,8.85,8.67,8.63,8.02,3.68,5.79,2,2
BANGALORE,711.46,1483.87,2866.77,14.89,16.59,19.26,14.81,15.24,9.14,9.85,11.78,11.69,5.2,9.01,1,2
BANGALORE RURAL,723.42,1404.34,3531.69,18.14,19.82,23.51,18.15,17.64,14.28,13.53,19.65,21.18,5.17,14.27,1,2
BELGAUM,4869.09,1270.06,4869.09,7.68,8.67,10.76,8.99,8.94,9.25,8.89,8.9,11.3,3.32,4.57,2,2
BELLARY,460.92,684.89,1347.97,8.57,9.64,10.69,9.19,8.67,6.72,8.32,9.86,12.2,4.39,6.5,3,1
BIDAR,601.52,1927.55,7255.08,9.35,11.91,19.37,8.94,9.99,11.92,9.09,9.56,12.84,3.99,6.22,0,2
BIJAPUR,1956.2,800.58,1956.2,7.64,8.96,13.76,8.26,7.84,8.35,8.7,7.61,9.29,3.76,4.14,3,2
CHAMRAJNAGAR,693.6,2706.05,9157.96,8.57,8.91,10.8,11.92,9.09,7.57,8.73,9.17,11.32,5.3,6.23,2,2
CHIKKABALLAPURA,732.46,1185.5,3264.03,11.53,15.84,23.33,16.52,21.57,6.12,7.49,19.04,27.66,4.95,9.04,1,2
CHIKMAGALUR,937.43,2370.24,3984.79,7.49,7.99,9.68,8.31,7.31,8.28,8.77,7.25,8.18,5.65,6.04,1,1
CHITRADURGA,553.76,765.53,2277.75,8.06,11.11,14.46,11.22,11.57,8.49,10.44,12.91,20.59,5.03,8.79,0,2
DAKSHINA KANNADA,1193.41,3145.55,4517.79,8.12,9.2,8.97,7.8,7.13,8.11,7.94,8.22,9.27,5.41,6.64,0,2
DAVANAGERE,451.85,797.43,1892.35,5.96,7.6,8.41,7.07,6.83,7.22,9.54,7.83,14.02,4.74,5.25,2,2
DHARWAD,460.88,1161.75,3667.03,8.95,10.3,12.64,10.75,10.1,11.28,10.96,8.31,15.84,3.91,6.21,0,2
GADAG,2117.45,812.16,2117.45,8.95,9.93,14.56,12.52,11.97,13.41,11.55,10.29,13.42,4.08,8.02,0,2
GULBARGA,520.52,1044.22,2009.2,6.34,8.32,14.05,7.45,7.63,11.41,8.46,7.55,11.48,3.99,4.45,0,2
HASSAN,539.14,2036.97,3502,6.2,8.11,10.46,8.77,8.09,9.14,9.44,11.19,7.9,6.41,6.39,3,1
HAVERI,501.76,887.71,1791.07,9.47,10.82,16.43,11.81,10.43,10.76,12.45,12.81,16.41,4.37,6.49,1,1
KODAGU,537.44,1918.2,3593.86,8.28,9.96,10.07,8.94,8.22,8.78,8.97,8.77,7.03,5.62,7.28,2,2
KOLAR,721.32,1294.22,3092.91,12.68,15.56,18.94,12.63,15.53,4.7,5.36,12.19,7.25,4.93,8.03,3,2
KOPPAL,1298.34,666.97,1298.34,8.33,9.46,12.89,8.23,8.13,8.46,9.21,7.53,7.43,4.24,4.36,3,2
MANDYA,569.52,1813.49,4056.66,5.65,7.15,9.59,7.62,5.58,7.9,8.37,6.18,15.91,5.77,5.27,0,1
MYSORE,548.82,1827.41,3534.66,7.04,8.73,10.96,9.33,8.05,9.01,9.14,8.61,11.53,5.62,6.9,2,2
RAICHUR,468.69,850.93,2027.6,3.97,6.24,9.34,5.08,4.9,6.05,7.06,5.53,6.3,4.25,3.06,1,2
RAMANAGARA,696.29,1549.07,2925.61,9.58,10.11,12.81,10.75,10.35,7.85,9.27,8.04,13.06,5.37,7.53,1,2
SHIMOGA,886.33,2187.03,3775,7.7,8.62,11.73,7.63,8.19,9.13,10.19,9.34,9.1,4.8,6.46,2,2
TUMKUR,647.89,1309.26,3604.89,9.54,12.45,16.52,15.32,13.23,5.96,7.85,11.58,24.23,5.51,10.42,3,2
UDUPI,1539.36,4036.35,6351.68,9.35,9.54,8.72,8.7,8.36,8.94,8.9,8.86,10.15,4.94,7.13,0,2
UTTARA KANNADA,736.4,2227.14,4522.57,8.79,9.44,9.78,7.77,7.77,8.1,8.06,8.07,12.93,4.14,5.41,3,2
YADGIR,530,955.24,2286,6.15,7.51,9.73,6.69,6.17,7.83,7.67,7.16,10.35,4.12,3.86,2,2
ALAPPUZHA,1018.98,2214.38,4204.26,5.05,6.99,5.18,1.94,4.24,3.35,3.93,3.85,3.49,10.16,4.57,3,1
ERNAKULAM,561.03,3813.31,14649.31,5.33,7.44,2.5,0.85,5.16,5.47,5.52,5.06,6.83,10.14,4.8,1,2
IDUKKI,684.26,1978.94,5049.43,5.83,7.98,4.69,1.45,5.22,6.01,6,6.01,4.79,10.15,5.46,0,2
KANNUR,691.85,2050.7,3311.81,5.2,9.97,10.73,6.92,7.92,8.44,8.74,8.01,11.43,10.26,7.16,3,2
KASARAGOD,572.31,2249.49,3636.43,5.84,10.44,10.29,7.06,9.68,10.96,10.98,10.38,10.98,10.12,8.65,2,2
KOLLAM,2046.89,1770.68,2662.73,5.2,7.29,6.57,4.02,7.78,9.49,7.9,8,3.45,10.17,5.9,1,2
KOTTAYAM,772.97,1900.7,3483.18,5.05,7.47,4.57,1.39,5.09,5.67,5.62,5.09,3.52,10.16,5.19,1,2
KOZHIKODE,305.44,4320.54,17748.84,3.89,9.34,11.37,6.31,5.45,5.77,5.82,5.8,10.56,9.85,4.99,3,2
MALAPPURAM,221.93,9212.76,43483.59,4.21,9.45,11.01,5.94,8.37,9.23,9.49,8.58,11.78,10.03,7.14,0,2
PALAKKAD,442.58,11415.75,55957.14,4.97,8.39,10.29,4.57,7.44,8.14,10.06,9.55,10.91,10.1,6.01,2,2
PATHANAMTHITTA,2236.53,1945.75,2833.58,4.21,7.5,4.59,2.82,6.03,6.14,6.1,6.19,3.47,10.17,6.05,3,2
THIRUVANANTHAPURAM,1424.6,1406.64,2094.6,5.1,8.16,10.28,4.19,8.75,8.86,9.63,9.36,3.46,10.18,6.42,0,2
THRISSUR,641.95,9123.7,44437.4,4.62,8.89,9.85,2.76,6.7,6.9,7.5,7.18,9.82,10.11,6.3,2,2
WAYANAD,402.2,3275.17,10883.84,6.58,9.55,9.57,6.58,7.04,7.76,8.03,8.08,10.24,9.99,6.31,3,2
KARGIL,4.77,713.87,1702.95,5.95,3.02,4.53,6.53,4.9,7.39,4.84,6.65,5.26,3.18,3.54,0,3
Ladakh dist1,241.6,241.6,241.6,4.76,5.38,7.57,6.39,4.54,6.97,4.74,7.54,7.91,7.12,7.13,2,3
Leh (ladakh),4.76,578.08,1405.73,4.79,2.93,3.83,6.29,4.43,6.11,4.47,6.53,5.95,4.15,4.77,3,3
LAKSHADWEEP,3844.41,3826.32,4557.12,7.92,8.03,7.67,7.4,8.49,8.66,6.54,8.7,6.98,6.4,7.38,3,3
ALIRAJPUR,772.39,10855.39,70712.96,10.76,10.32,9.12,8.23,7.77,8.43,7.87,8.5,8.89,5.65,6.08,0,3
ANUPPUR,834.35,1426.01,2422.02,8.09,7.27,7.52,6.87,6.86,8.33,7.32,7.65,6.45,5.01,5.24,1,2
ASHOKNAGAR,766.88,1042,1313.42,12.61,11.69,12.11,9.1,9.69,8.03,9.85,9.88,11.26,5.83,7.32,2,2
BALAGHAT,962.16,2023.87,6230.69,7.92,7.7,8.17,7.03,7.47,7.46,7.57,8.05,7.77,4.72,4.32,3,2
BARWANI,703.67,889.22,1652.41,10.38,11.83,10.32,12.14,10.06,10.23,10.27,9.79,10.59,6.46,5.53,0,3
BETUL,706.31,1318.87,2445.93,9.83,12.12,9.18,11.29,9.87,10.59,11.03,9.86,13.21,5.31,7.36,1,2
BHIND,490.65,1270.05,4741.58,18.9,19,14.65,17.55,17.02,16.67,15.51,16.25,12.87,11.98,13.8,2,4
BHOPAL,860.74,1261.22,2430.41,17.09,15.57,11.93,11.64,11.11,8.82,12.53,13.13,12.3,6.37,7.17,3,2
BURHANPUR,645.19,982.81,1799.55,12.84,14.06,12.01,12.81,12.22,13.18,11.38,12.87,14.9,10.68,12.6,3,3
CHHATARPUR,777.84,1182.94,1670.36,10.98,9.64,9.62,6.74,9.24,11.2,9.92,10.92,11.82,5.74,7.47,0,2
CHHINDWARA,1008.52,1457.05,2496.07,11.72,9.57,9.49,12.71,11.73,10.04,11.53,11.64,11.27,9.72,6.61,0,2
DAMOH,742.74,1159.82,1680.72,12.41,10.99,12.03,9.31,10.13,5.9,12.12,12.17,12.48,9.1,7.19,2,2
DATIA,452.3,1393.36,4812.79,13.14,12.29,11.74,8.66,10.17,10.02,11.43,12.87,10.89,9.28,10.61,0,1
DEWAS,652.69,1068.53,2135.03,12.35,10.16,13.46,11.15,13.79,11.59,13.76,14.02,14.15,7.38,10.2,0,2
DHAR,762.68,2325.05,11193.08,14.39,12.73,12.78,11.97,12.57,13.29,12.43,12.37,10.44,8.52,8.74,0,2
DINDORI,881.21,1454.97,2301.97,6.39,5.47,5.88,5.69,5.59,7.06,6.13,6.39,6.53,3.98,4.34,3,2
EAST NIMAR,759.53,1099.65,1915.54,8.25,10.48,8.49,7.38,7.48,8.6,8.19,8.77,11.39,5.28,6.21,1,3
GUNA,656.31,1234.87,2635.73,14.96,12.95,11.14,9.78,10.15,9.1,9.33,11.43,13.12,11.26,8.27,2,2
GWALIOR,451.66,1258.46,4375.48,15.08,15.27,15.42,11.52,13.17,11.84,12.8,13.66,13.56,11.61,12.65,3,2
HARDA,692.17,1234.64,2386.23,8.54,8.87,9.78,8.52,8.86,9.31,9.74,10.23,14.62,5.3,6.45,3,3
HOSHANGABAD,861.34,1334.37,2220.81,8.95,8.94,8.21,7.7,8.78,9.28,8.69,9.47,11.12,6.74,6.61,2,2
INDORE,750.35,985.49,1626.33,13.35,13.11,15.52,14.97,15.07,16.6,16.8,17.59,10.58,9.5,9.08,3,2
JABALPUR,826.81,1245.3,1924.75,9.23,8.67,9.71,8.52,8.5,7.6,9.93,10.35,7.33,6.56,7.01,1,2
JHABUA,830.33,5568.77,33042.65,11.06,11.77,10.4,12.66,9.64,9.16,9.3,10.28,10.65,4.12,4.95,0,2
KATNI,737.59,1132.27,1493.67,11.54,10.35,9.92,8.5,9.72,9.11,10.52,10.79,9.5,6.37,7.71,2,2
MANDLA,918.34,1438.52,2183.54,7.26,6.35,6.16,5.57,5.95,5.63,6.11,7,7.45,4.06,4.09,3,2
MANDSAUR,780.29,1074.65,1820.77,14.76,15.78,15.54,14.74,17.18,16.41,15.63,15.67,12.25,8.3,14.07,1,2
MORENA,587.79,1216.04,4465.92,16.78,16.36,16.5,13.66,16.98,19.05,16.64,17.56,13.71,14.37,17.14,3,2
NARSIMHAPUR,817.67,1319.18,2208.67,13.07,11.44,10.57,11.09,11.32,8.84,9.22,9.85,9.12,6.78,7.01,0,2
NEEMUCH,875.68,1011.83,1718.03,12.52,11,12.65,9.68,11.73,17.22,11.4,11.65,12.2,4.96,10.33,2,2
PANNA,837.29,1226.93,1655.19,11.99,11.16,9.63,7.99,8.88,8.24,9.84,10.81,11.29,6.33,6.78,0,2
RAISEN,885.15,1284.05,2087.08,12.18,10.46,9.92,8.92,9.2,9.04,9.95,9.96,10.12,6.86,6.85,0,2
RAJGARH,762.63,1240.4,2398.34,13.49,12.89,12.77,11.62,11.57,13.05,10.74,12.69,13.67,7.53,8.64,2,2
RATLAM,514.87,1088.62,1798.55,16.14,15.92,21.43,13.68,19.25,25.84,17.98,17.09,17.04,10.14,11.75,0,2
REWA,743.53,1021.74,1343.95,13.79,14.26,11.34,9.97,10.27,10.76,12.22,12.55,11.07,7.01,8.81,0,2
SAGAR,895.02,1156.68,1700.3,12.48,12.47,11.93,9.28,11.98,13.67,12.99,11.26,11.13,8.17,8.16,0,2
SATNA,682.84,1175.87,1639.26,13.07,10.97,11.5,8.44,9.04,10.18,10.55,11.31,10.29,6.34,7.55,3,2
SEHORE,816.09,1268.02,2486.31,13,10.82,12.63,11.51,11.59,10.9,12.7,12.21,12.92,6.85,8.01,1,2
SEONI,902.13,1706.07,4401.8,8.6,8.27,7.64,7.22,6.98,6.09,7.18,7.76,7.62,4.09,4.42,2,2
SHAHDOL,721.89,1266.86,1943.94,9.41,8.21,8.51,7.97,8.62,9.82,8.76,9.47,8.26,5.89,6.95,3,2
SHAJAPUR,765.07,1217.41,2400.32,13.3,11.62,11.39,10.57,11.16,11.46,10.77,11.21,11.92,5.91,8.3,3,2
SHEOPUR,393.07,814.22,1317.24,18.32,15.92,13.14,10.31,12.25,11.63,12.34,14.4,12.24,8.95,11.86,0,2
SHIVPURI,522.35,937.98,1308.13,12.3,10.92,11.01,9.53,11.08,10.36,12.31,13.09,11.38,7.69,10.51,2,3
SIDHI,761.95,1144.44,1742.64,11.28,9.21,10.16,8.09,8.36,9.97,9.65,10.28,9.62,6.87,7.78,1,2
SINGRAULI,823.09,1181.02,1710.5,11.63,10.5,10.96,9.15,9.97,11.41,10.4,10.83,10.11,7.81,9.07,1,2
TIKAMGARH,612.8,1008.21,1785.55,10.49,8.71,8.58,5.96,7.82,9.64,10.18,10.84,9.39,4.34,6.71,2,2
UJJAIN,645.4,1112.17,1918.89,14.11,12.84,15.18,11.51,14.02,15.23,14.43,13.83,11.13,6.68,8.78,3,2
UMARIA,656.38,1228.03,1850.75,8.98,8.33,7.54,9.14,9.57,12.4,8.44,9.18,9.71,5.94,6.62,0,2
VIDISHA,898.65,1237.73,2111.46,11.52,12.11,11.27,9.58,10.16,10.98,10.71,10.85,12.2,7.24,7.45,3,2
WEST NIMAR,737.74,853.57,1244.27,12.18,11.07,10.27,9.46,9.79,9.42,9.4,9.49,10.23,5.97,6.65,2,2
AHMADNAGAR,3753.04,1432.94,3753.04,8.7,8.75,9.9,8.82,9.94,14.3,10.23,9.92,13.3,6.02,5.97,1,2
AKOLA,1112.89,800.39,1816.41,10.83,12.72,12.25,11.15,11.24,13.24,14.78,14.89,14.26,11.04,9.62,1,2
AMRAVATI,1259.99,1050.63,2263.65,8.27,9.5,10.6,9.41,8.71,11.64,10.28,11.42,12.56,8.69,8,1,2
AURANGABAD,3204.29,1208.9,3204.29,7.59,7.34,6.46,6.51,6.56,7.66,6.98,7.1,7.45,5.11,5.36,1,2
BHANDARA,2461.92,1350.68,2461.92,7.58,8.58,9.11,7.4,8.26,9.73,9.93,9.8,9.84,5.5,5.59,1,3
BID,7992.52,1937.31,7992.52,7.2,7.64,10.22,9.01,9.93,11.28,9.02,9.99,13.34,5.98,5.88,1,2
BULDANA,1804.82,816.8,1804.82,8.65,11.31,12.29,9.15,10.18,11.54,12.04,11.6,12.77,6.57,7.85,1,3
CHANDRAPUR,2279.93,1517.04,2279.93,7.61,7.79,7.56,6.93,7.65,7.36,6.93,7.75,9.07,4.09,5.05,1,2
DHULE,846.87,697.04,2040.93,8.7,7.4,11.34,8.14,8.5,10.04,8.78,9.36,10.72,7.29,7.79,3,2
GARHCHIROLI,2936.16,1758.8,2936.16,7.99,8.48,8.57,7.25,8.42,8.1,7.92,8.02,8.47,4.36,4.95,1,2
GONDIYA,4691.26,1827.1,4691.26,7.3,7.88,8.03,6.46,7.6,8.64,8.49,9.07,8.84,5.5,6.24,2,3
HINGOLI,5914.21,1702.92,5914.21,7.94,7.81,8.69,7.91,8.8,11.04,10.29,10.39,11.3,5.88,6.26,3,2
JALGAON,1074.34,795.78,2078.34,13.73,11.78,12.61,11.23,10.94,13.86,13.14,13.26,15.78,9.42,10.52,3,2
JALNA,5629.01,1595.9,5629.01,7.95,10.07,11.3,8.41,11.52,13.43,10.09,9.75,12.82,5.06,5.61,0,3
KOLHAPUR,2361.11,1880.15,3451.9,5.76,5.93,5.88,4.64,5.44,6.13,4.96,2.81,6.01,4.15,3.97,2,2
LATUR,13578,2776.25,13578,12.74,11.31,10.86,9.44,12.72,14.87,10.92,11.86,12.17,8.27,7.21,1,3
MUMBAI,2170.79,2979.99,5946.72,4.59,4.94,3.19,3.27,4.26,5.52,3.54,4.35,5.13,3.11,4.15,1,3
MUMBAI SUBURBAN,2100.64,2952.6,6069.58,6.79,6.14,1.9,4.8,5.94,7.95,4.12,4.91,5.2,3.13,3.63,2,3
NAGPUR,1443.66,1254.65,1831.59,6.85,7.66,8.37,6.58,7.93,8.84,9.25,9.19,9.28,5.87,6.07,3,2
NANDED,13142.1,2855.38,13142.1,8.48,10.31,8.34,6.98,9.54,10.71,9.5,9.85,9.69,5.36,5.23,0,2
NANDURBAR,1121.06,737.95,2203.11,9.13,8.97,10.9,7.47,10.48,9.84,10.22,10.68,11.6,7.25,7.73,3,2
NASHIK,1552.59,1349.23,2980.08,8.1,7.64,9.69,8.41,8.82,10.73,9,9.64,12.63,6.86,5.67,2,2
OSMANABAD,3935.45,1253.75,3935.45,8.31,8.62,11,10,9.11,10.63,10.49,8.12,11.21,5.8,5.79,1,2
PARBHANI,11153.29,2430.11,11153.29,8.51,10.06,12.95,8.56,10.58,14.28,11.42,10.01,13.65,6.49,6.18,0,2
PUNE,1763.24,2081.16,4107.08,5.97,6.55,7.05,5.88,6.1,7.3,6.87,6.36,7.81,3.87,4.31,3,2
RAIGARH,2276.84,2691.73,4612.82,7.47,6.84,5.22,6.96,9.87,7.97,8.85,8.45,8.18,5.25,5.56,2,2
RATNAGIRI,2890.79,2627.84,4208.85,8.46,8.63,8.47,8.3,7.89,8.62,9.26,7.63,7.57,7.14,6.64,1,3
SANGLI,2050.55,1378.33,2191.53,7.03,7.96,8.87,7.47,6.8,10.07,7.9,6.02,8.57,4.74,4.18,1,2
SATARA,1787.27,2227.12,4520.24,6.82,6.86,7.98,7.26,6.69,8.63,8.35,6.23,8.93,4.73,5.29,0,1
SINDHUDURG,3094.75,2321.49,3911.31,7.6,8.5,7.49,6.92,7.43,8.2,8.03,6.95,7.79,5.97,5.87,0,1
SOLAPUR,1595.83,911.95,1595.83,6.51,7.32,11.15,9.57,8.09,10.74,9.7,8.4,11.2,6.4,4.96,2,2
THANE,2071.49,2795.93,5807.78,5.33,6.37,2.15,4.92,4.94,5.59,5.92,5.58,6.6,2.95,3.28,0,3
WARDHA,1288.39,1162.49,1796.29,6.88,8.97,7.76,7.01,8.15,9.57,8.29,8.22,9.24,5.19,5.34,0,2
WASHIM,1748.02,921.41,1748.02,8.51,10.18,8.11,6.64,8.25,9.68,11.41,11.34,11.55,5.45,6.13,0,2
YAVATMAL,1446.97,1131.23,1722.78,7.23,8.52,6.99,6.5,7.73,9.51,8.52,9.04,8.84,5.32,5.64,3,2
BISHNUPUR,3937.01,3101.29,3937.01,6.34,8.61,7.6,7.98,8.24,8.73,6.54,7.35,8.35,6.93,6.05,1,4
CHANDEL,3708.53,2949.99,3708.53,6.5,8.14,8.36,6.49,8.78,8.89,6.48,7.7,7.12,8.7,8.44,2,4
CHURACHANDPUR,3763.29,2998.72,3763.29,5.66,5.67,6.67,6.43,7.43,7.78,7.89,6.88,7.44,7.89,7.98,3,3
IMPHAL EAST,3185.6,2849.77,3185.6,6.12,7.67,7.89,6.73,6.18,6.6,7.98,7.11,6.6,8.05,8.15,3,3
IMPHAL WEST,4064.05,3180.64,4064.05,8.02,7.02,7.08,6.59,6.73,8.43,6.78,8.46,7.99,7.62,7.2,0,2
SENAPATI,2520.56,2418.51,2536.23,8.1,8.93,8.07,6.24,8.67,6.3,8.72,8.1,6.06,8.9,6.3,2,3
TAMENGLONG,3548.57,3077.64,3548.57,7.35,7.23,6.8,7.33,7.81,8.24,7.67,6.35,7.2,6.41,7.2,1,4
THOUBAL,3658.07,2992.06,3658.07,6.34,7.89,5.66,8.92,7.71,6.64,7.11,5.56,6.19,6.3,5.26,2,3
UKHRUL,2512.27,2423.01,2548.06,7.94,6.22,7.82,6.08,8.86,7.77,8.99,6.18,6.16,6.09,6.6,3,2
EAST GARO HILLS,5567.72,4094.49,5567.72,2.78,3.23,3.57,3.94,3.38,3.77,4,3.73,4.49,3.34,2.9,0,2
EAST KHASI HILLS,5108.12,3939.77,5108.12,2.97,2.54,1.94,3.5,1.58,1.53,0.88,1.67,1.33,1.78,2.74,3,3
JAINTIA HILLS,5391.55,4244.62,5391.55,2.32,1.75,1.79,3.18,1.81,1.44,1.02,1.57,1.36,1.67,2.67,2,4
RI BHOI,2442.97,2048.71,2442.97,2.48,2,2.25,3.13,1.38,2.21,1.64,2.41,2.74,2.9,3.36,1,2
SOUTH GARO HILLS,5383,3908.65,5383,3.17,3.8,3.62,3.95,4.04,3.77,3.96,3.57,4.48,3.51,2.86,1,2
WEST GARO HILLS,6906.38,4633.17,6906.38,3.26,4.1,3.95,4.24,4.04,4.02,4.09,3.91,4.62,3.1,2.7,0,1
WEST KHASI HILLS,4761.75,3563.92,4761.75,3.27,3.43,3.03,4.02,2.73,2.98,2.84,3.11,3.23,2.75,2.96,0,2
AIZAWL,2001.59,2008.05,3972.83,8.88,7.6,6.62,6.89,6.69,7.88,6.78,7.89,7.62,7.89,7.99,2,3
CHAMPHAI,2102.07,2334.51,3475.71,8.09,6.38,7.34,6.34,6.23,6.46,8.43,6.02,6.13,7.84,6.98,0,3
KOLASIB,2858.99,2116.02,3180.98,8.16,7.02,8.1,8.05,7.34,7.82,7.52,7,7.08,7.2,8.48,0,2
LAWANGTLAI,2408.99,2809.64,4515.8,8.85,8.78,8.96,8.88,8.97,7.89,8.88,8.54,8.44,8.22,8.11,0,3
LUNGLEI,2511.19,2965.2,5139.68,5.53,7.32,6.67,6.03,5.98,5.24,6.78,4.75,6.13,5.33,4.12,3,3
MAMIT,2136.51,2245.54,5736.89,6.61,6.87,6.93,5.99,6.78,6.62,6.87,6.54,6.87,6.96,6.52,1,3
SAIHA,2509.97,3070.75,4895.8,8.89,8.99,8.56,8.65,8.31,8.22,7.41,8.21,8.03,8.78,7.89,2,2
SERCHHIP,2376.72,2928.81,5267.39,8.68,8.21,7.93,7,8.62,6.62,6.4,6.15,7.55,7.79,8.43,3,3
DIMAPUR,2155.49,1916.82,2155.49,6.07,5.13,7.27,6.98,6.53,7.18,4.25,5.3,6.56,7.32,6.28,3,2
KIPHIRE,2327.71,2224.04,2397.75,6.55,6.21,5.29,8.83,4.27,5.17,2.81,5.55,3.67,5.19,4.66,0,2
KOHIMA,2270.41,2037.46,2270.41,7.02,6.89,5.7,8.62,5.13,5.26,2.89,5.46,4.45,6.66,5.68,2,2
LONGLENG,2829.81,3265.09,4615,4.38,5.44,5.03,8.33,4.09,4.27,2.36,4.32,3.67,2.23,4.34,1,2
MOKOKCHUNG,2678.01,2601.73,2945.38,4.33,6.71,5,8.34,4,4.21,2.62,5.31,7.11,4.15,4.64,1,2
MON,2982.4,4074.86,6658.05,4.39,5.13,5.09,8.33,4.17,4.1,1.98,3.32,4.31,5.67,4.58,2,2
PEREN,2326.4,2220.63,2326.4,5.21,4.33,6.16,5.7,5.75,6.09,2.74,3.19,5.55,6.78,4.15,3,3
PHEK,2359.47,2134.94,2359.47,6.9,7.46,5.75,8.79,4.59,5.07,2.83,3.83,4.63,3.82,2.65,0,3
TUENSANG,2680.66,3067.13,4236.11,4.69,6.91,5.17,8.57,4.15,4.59,2.62,3.89,5.52,4.13,6.22,3,2
WOKHA,2318.54,2125.51,2318.54,5.56,4.62,6.75,8.37,4.67,6.04,3.93,4.55,7.89,3.11,5.37,2,4
ZUNHEBOTO,2421.75,2206.68,2421.75,6.06,6.12,5.35,8.65,3.98,5.22,2.78,3.55,4.11,7.89,6.19,3,3
ANUGUL,1216.48,1816.37,4191.52,6.99,7.58,7.53,7.06,6.19,7.16,6.61,6.62,4.63,4.08,4.44,1,2
BALANGIR,1848.96,1953.37,4110.92,6.23,6.79,6.43,5.77,5.47,5.4,5.64,4.32,4.55,3.22,3.78,0,1
BALESHWAR,1819.97,1785.39,3397.55,7.38,7.81,8.31,9.15,5.48,5.17,4.19,3.66,4.35,2.59,3.57,2,1
BARGARH,1919.87,2074.76,4077.24,6.78,7.44,6.31,5.79,4.3,4.85,5.08,4.24,4.55,2.96,3.58,3,1
BAUDA,1560.86,1838.84,3881.84,6.65,7.03,6.68,6.47,5.45,6.33,6.35,6.24,4.67,3.61,3.74,0,2
BHADRAK,1389.1,1765.39,3433.99,6.33,6.65,7.05,7.37,4.17,4.42,3.66,3.29,4.3,1.59,3.03,3,1
CUTTACK,1523.05,2159.44,4406.55,5.12,5.33,5.38,4.91,4.03,4.78,4.9,4.54,4.39,2.8,3,2,2
DEBAGARH,1091.14,1884.81,5571.53,7.93,7.26,7.3,6.8,5.97,6.86,7.02,5.91,4.55,3.83,4.04,1,2
DHENKANAL,1540.52,1788.42,3579.78,6.59,7.56,7.41,6.37,5.96,6.97,6.72,6.54,4.51,4.08,4.27,1,2
GAJAPATI,1566.9,1380.34,2449.25,4.55,6.89,6.36,5.58,4.68,5.19,5.94,5.3,4.52,3.27,3.24,0,2
GANJAM,1508,1580.43,2883.38,4.58,5.94,5.09,5.19,4.29,4.05,5.06,4.1,4.56,2.73,2.98,0,1
JAGATSINGHAPUR,1484.84,2332.82,5932.41,3.27,3.93,3.81,3.36,2.77,3.4,2.81,3,4.04,2.19,2.12,2,1
JAJAPUR,1336.92,1784.58,3448.71,5.13,5.98,5.63,4.95,5.08,5.56,4.82,4.77,4.3,2.75,3.84,0,1
JHARSUGUDA,1752.43,1934.46,3376.56,6.99,6.84,6.36,6.53,5.13,5.46,5.86,5.43,4.54,3.32,3.73,0,1
KALAHANDI,1703.31,1729,3323.39,5.94,7.2,6.56,6.29,4.78,6.16,6.18,5.2,4.54,3.83,3.97,0,2
KANDHAMAL,1574.84,1649.2,3400.62,7.22,8.25,7.91,7.57,5.46,5.98,6.76,7.64,4.62,6.1,6.11,0,3
KENDRAPARA,1196.16,1959.79,4702.74,3.62,3.28,3.54,3.13,2.98,3.38,2.84,3.07,4.21,1.94,2.48,3,1
KENDUJHAR,1347.83,1700.13,4111.2,7.04,7.17,7.54,7.71,5.98,6.04,6.24,5.71,4.44,3.92,3.6,1,2
KHORDHA,1633.67,2314.94,5041.45,5.65,5.81,5.82,5.72,5.63,6.41,6.73,5.68,4.45,4.21,4.77,2,2
KORAPUT,1605.42,1958.34,3336,7.84,8.14,7.58,7.88,6.06,6.82,6.61,6.48,4.5,5.41,5.21,3,2
MALKANGIRI,1439.31,3063.96,6841.75,5.65,6.01,5.32,4.54,4.85,4.34,5.26,5.2,4.48,2.9,3.02,3,2
MAYURBHANJ,1744.39,1735.58,3091.21,7.58,7.85,7.78,8.78,6.66,6.66,6.93,5.68,4.4,4.25,3.95,0,1
NABARANGAPUR,1708.54,2096.86,4137.6,5.96,7.52,8.15,7.88,3.92,6.27,6.04,5.67,4.51,4.11,3.7,2,2
NAYAGARH,1329.59,1985.05,3790.34,5.88,6.43,6.05,5.77,5.53,5.74,6.27,5.12,4.69,3.11,3.58,1,3
NUAPADA,1817.66,1784.8,3484.84,7.72,7.95,7.36,7.41,5.28,5.77,5.99,4.93,4.53,3.35,4.21,1,2
PURI,1717.47,2474.85,6024.2,4.06,4.36,4.26,4.29,3.75,4.34,4.24,3.51,4.25,2.71,2.97,2,1
RAYAGADA,1526.67,1338.47,2573.86,6.42,6.89,7.85,6.41,4.48,5.74,6.01,5.15,4.53,3.51,3.65,3,2
SAMBALPUR,1625.91,1920.63,3812.38,7.12,8.03,5.7,6.44,5.7,6.09,6.09,5.75,4.57,3.78,3.98,0,1
SUBARNAPUR,1895.78,2121.55,4330.77,6.11,6.66,6.3,5.84,4.78,5.11,5.29,4.72,4.59,3.14,3.33,3,1
SUNDARGARH,1024.66,1655.45,3910.54,9.44,8.95,8.91,7.97,6.12,6.66,7.23,6.37,4.51,3.72,4.51,2,2
KARAIKAL,2028.81,1983.04,2052.6,2.72,6.16,4.74,12.77,14.42,2.44,5.11,2.48,3.84,2.55,1.08,1,4
MAHE,2880.92,2756.5,3027.59,6.44,6.24,3.9,8.67,26.58,23.94,22.6,2.43,25.72,23.25,24.57,1,3
PUDUCHERRY,5064.1,2414.03,5064.1,6.71,6.52,2.96,17.35,17.71,16.67,19.48,2.43,18.59,16.75,17.22,3,3
YANAM,1400.32,2169.16,4075.67,2.18,2.82,2.25,2.55,2.03,3.04,4.05,3.38,12.35,2.99,2.35,1,3
AMRITSAR,2.71,370.78,1167.74,11.55,12.69,12.98,12.78,13.37,13.5,13.85,14.89,12.62,14.09,147.59,1,1
BARNALA,6.06,420.77,1157.46,23.29,21.25,25.16,26.13,26.63,28.85,30.45,32.14,32.86,33.52,147.58,1,1
BATHINDA,837.27,418.33,1153.16,12.13,10.99,12.9,12.66,13.38,13.93,15.28,15.63,16.59,16.17,145.77,1,1
FARIDKOT,5.27,380.74,1116.84,7.92,7.1,7.87,7.62,7.78,7.02,8.21,8.45,9.13,8.9,141.76,1,1
FATEHGARH SAHIB,3.65,507.05,1247.61,19.09,19.18,19.21,19.05,20.06,20.26,23.18,23.9,21.99,22.77,149.98,1,1
FIROZPUR,7.49,363.42,1059.29,6.61,5.53,7.39,7.89,7.95,7.07,7.79,9.23,7.9,7.74,144,1,1
GURDASPUR,1.28,447.89,1180.97,7.74,8.47,8.26,7.14,6.61,8.83,8.56,8.8,7.77,7,149.13,1,1
HOSHIARPUR,1.45,453.52,1210.26,14.1,10.29,15.55,14.13,15.44,13.3,16.59,15.54,15.17,12.67,152.96,1,1
JALANDHAR,8.23,426.6,1242.8,18.82,15.22,21.72,20.55,20.88,23.12,25.04,24.69,23.16,23.36,151,1,1
KAPURTHALA,7.16,416.05,1219.74,15.76,16.43,18.01,14.51,15.04,18.58,19.48,17.67,18.95,19.75,150.08,3,1
LUDHIANA,6.2,444.1,1237.9,17.88,17.3,17.11,16.36,17.07,18.35,20.61,19.35,19.32,19.88,150.11,3,1
MANSA,0.68,518.98,1444.53,11.36,10.4,11.27,11.21,11.71,12.33,13.77,14.16,13.87,13.44,147.02,3,1
MOGA,14.7,399.6,1169.57,17.29,15.3,22.43,22.05,20.9,23.36,25.07,24.29,25.4,26.62,147.77,3,1
MUKTSAR,3.15,360.7,1068.55,2.89,3.12,3,3.02,3.4,3.37,3.76,3.79,4.35,3.51,143.27,1,1
PATIALA,1.97,568.05,1573.82,19.67,19.66,25.03,25.57,26.87,25.81,28.22,30.71,29.2,29.21,148.88,3,1
RUPNAGAR,8.78,525.69,1268.05,9.55,7.89,9.81,9.38,10.49,10.61,12.26,15.27,11.57,9.69,152,0,2
SAHIBZADA AJIT SINGH NAGAR,2.43,588.25,1405.1,10.09,9.96,16.88,12.12,15.38,10.12,14.48,23.49,12.24,11.99,150.2,0,2
SANGRUR,7.25,526.47,1357.75,21.86,21.55,28.54,27.49,29.14,29.55,31.5,32.96,33.68,32.63,147.88,2,1
SHAHID BHAGAT SINGH NAGAR,7.67,478.38,1309.87,17.19,14.68,17.15,16.11,15.99,18.33,20.33,21.07,18.85,15.95,155.28,0,1
TARN TARAN,6.64,368.11,1162.22,15.19,15.03,15.55,15.38,15.91,17,17.37,18.27,17.41,16.58,146.7,0,1
AJMER,598.73,630.78,1019.01,14.26,13.62,11.81,13.14,8.58,11.13,9.16,10.68,11.71,5.32,8.38,0,1
ALWAR,707.51,785.48,1336.68,25.97,27.16,25.67,26.77,28.89,29.76,33.61,33.05,36.88,34.72,34.24,3,2
BANSWARA,803.13,1306.16,3509.66,8.67,7.89,7.55,7.82,5.91,7.84,7.52,7.33,6.74,3.86,4.25,1,2
BARAN,1086.04,1233.34,3126.5,17.58,12.27,15.26,10.26,5.69,7.55,7.28,6.49,9.09,4.82,5.77,2,1
BARMER,220.5,1186.9,5606.17,43.27,40.04,38.35,40.74,34.39,34.75,35.15,34.95,35.09,35.33,36.12,3,3
BHARATPUR,697.19,1001.36,3028.65,11.55,11.94,12.2,12.3,13.48,15.04,14.3,15.81,15.83,12.64,14.24,3,1
BHILWARA,839.39,756.4,1359.13,12.54,13.24,12.58,12.9,10.66,12.44,11.51,13.18,12.93,5.2,7.98,0,2
BIKANER,280.78,473.81,991.7,51.89,52.49,51.23,55.19,45.73,39.03,40.84,41.17,44.07,42.99,42.39,2,2
BUNDI,832.56,763.88,1104.04,12.71,12.49,11.26,11.14,5.86,7.36,7.35,6.44,8.81,4.12,6.41,1,1
CHITTAURGARH,1184.29,980.3,1665.1,18.4,16.2,15.41,15.76,10.48,11.44,10.27,11.96,13.78,6.32,10.39,1,2
CHURU,393.93,648.3,1277.63,40.85,40.89,40.47,41.3,36.5,36.83,35.05,33.53,36.99,36.32,35.92,2,2
DAUSA,802.74,698.84,1027.83,26.63,28.32,28.24,27.36,29.98,27.86,30.93,28.48,26.42,24.02,26.53,3,2
DHAULPUR,773.09,1340.83,5324.64,13.91,15.43,14.13,12.77,14.64,14.61,13.36,16.17,16.91,12.92,13.09,0,1
DUNGARPUR,735.57,955.76,1879.65,10.9,9.11,8.65,9.19,7.16,8.86,7.91,9.21,9.11,3.59,4.52,3,2
GANGANAGAR,207.31,493.14,977.63,13.81,13.59,13.7,13.81,13.95,13.26,13.88,13.62,13.23,13.88,14.36,2,2
HANUMANGARH,239.52,606.36,1353.84,19.02,18.81,18.22,17.59,18.11,18.59,18.08,17.44,17.86,17.56,19.5,1,2
JAIPUR,615.64,647.72,1050.69,30.49,31.31,31.18,31.21,29.29,29.61,33.45,35.64,36.63,35.4,34.95,1,2
JAISALMER,176.84,487.34,1642.08,49.74,49.99,49.91,48.68,37.92,38.95,35.87,34.84,41.55,41.56,38.99,0,2
JALOR,512.91,1261.98,4297.83,31.46,28.75,29.72,31.63,30.27,29.72,28.99,26.83,24.11,29.41,29.5,0,2
JHALAWAR,1087.36,1184.64,2257.73,12.81,10.52,11.18,8.15,8.15,9.36,9.12,5.37,9.17,5.54,6.81,2,1
JHUNJHUNUN,547.04,697.83,1360.8,46.38,47.76,48.69,49.92,55.26,60.5,59.81,62.08,39.74,57.14,55.83,0,2
JODHPUR,391.56,481.18,1024.32,48,48.21,47.78,48.16,31.26,23.08,23.48,35.37,34.94,38.07,31.97,0,2
KARAULI,784.65,767.99,1247.6,19.12,21.36,21.74,19.29,14.4,15.47,15.51,16.74,16.3,14.35,20.18,0,2
KOTA,785.46,910.89,1559.38,17.7,13.12,14.88,11.1,6.85,7.89,7.96,6.31,8.37,4.75,5.89,1,1
NAGAUR,485.19,472.26,984.74,50.55,50.57,51.35,52,36.63,35.66,36.07,47.84,37.87,38.95,40.01,3,2
PALI,824.8,671.17,1179.84,19.76,19.13,18.84,19.39,11.96,12.95,9.74,10.35,12.14,7.27,8.23,0,2
PRATAPGARH,942.88,1007.73,1806.32,11.66,10.83,9.91,10.59,5.89,10.43,7.71,8.68,8.84,4.08,4.53,2,3
RAJSAMAND,784.06,733.22,1350.13,12.53,11.41,11.4,13.02,10.49,12.48,9.3,11.59,13.79,6.48,8.8,0,4
SAWAI MADHOPUR,883.5,752.87,1129.49,18.5,15.81,16.85,13.62,11.33,13.3,10.08,12.26,12.77,6.34,8.46,0,1
SIKAR,488.95,633.1,949.81,40.54,41.65,42.26,43.91,45.53,46.17,49.31,51.33,48.72,50.14,48.3,2,2
SIROHI,663.05,922.5,1354.2,17.64,15.51,16.66,18.46,16.06,16.31,16.92,14.15,20.52,15.55,11.66,0,2
TONK,763.72,697.49,1078.81,11.51,10.24,10.1,9.59,6.9,8.83,8.43,7.41,13.04,6.35,7.52,0,1
UDAIPUR,781.81,894.61,1490.71,10.56,9.03,9.58,10.16,8.06,9.81,7.65,8.67,9.5,4.23,6.09,0,2
EAST,2113.94,3027.82,5514.67,6.87,6.34,6.89,6.72,5.89,6.66,6.72,6.83,7.01,6.99,6.87,3,2
NORTH,2148.66,3183.96,5535.76,8.49,7.93,6.08,7.81,6.68,7.55,7.71,6.29,8.76,7.27,8.04,1,2
SOUTH,1712.16,3472.02,8684.17,6.86,6.48,8.18,6.11,7.2,6.71,7.1,7.86,6.92,8.65,6.93,2,2
WEST,1858.49,4353.3,10370.11,9.9,10.5,11.29,11.75,13.11,14.22,12.96,14.54,12.33,11.98,11.7,3,3
ARIYALUR,1971.55,1668.08,5226.5,7.91,4.62,7.29,5.37,14.14,10.02,8.06,8.07,7.68,3.82,2.93,3,2
CHENNAI,4465.26,3418.75,14348.32,3.99,4.62,5.76,5.83,11.36,10.5,6.07,6.12,6.24,5.53,3.58,0,4
COIMBATORE,12197.33,11517.89,64062.04,13.44,4.43,11.38,17.58,9.66,12.81,17.68,20.56,15.22,10.41,13.06,2,2
CUDDALORE,2046.08,1543.08,5130.6,18.06,4.62,7.28,18.98,13.34,10.1,17.69,35.57,20.16,12.35,11.98,1,2
DHARMAPURI,1333.63,1148.49,2873.29,7.27,4.65,11.12,13.71,16.95,16.74,11.33,11.03,12.75,8.01,6.1,1,3
DINDIGUL,985.79,1068.29,2814.95,5.87,4.4,9.13,11.87,13.29,14.41,11.57,9.87,11.24,7.43,5.22,2,3
ERODE,4471.99,3008.2,13007.66,7.11,4.58,11.64,12.48,9.95,13.23,13.04,10.13,9.74,7.98,8.17,3,3
KANCHEEPURAM,3148.27,3851.07,18646.26,4.6,4.62,6.45,6.36,10.69,10.76,6.47,5.92,7.36,3.17,1.8,0,1
KANNIYAKUMARI,1006.34,1093.32,1601.74,7.89,4.38,9.13,6.2,8.82,12.5,8.57,6.8,8.36,6.82,5.9,3,2
KARUR,1207.16,1365.42,5047.43,5.68,4.67,8.77,9.03,15.81,15.67,11.03,6.93,10.75,6.78,4.71,2,3
KRISHNAGIRI,1432.79,1290.3,3534.07,10.12,4.64,10.82,12.74,14.81,16.06,11.18,9.78,14.49,10.56,9.83,1,2
MADURAI,922.33,867.78,1328.58,5.32,4.41,7.71,11.67,9.31,11.17,12.35,11.72,11.59,8.15,3.89,1,1
NAGAPPATTINAM,1779.68,1444.23,1976.21,4.37,4.49,4.72,4.94,10.36,10.01,5.99,7.41,4.97,4.01,2.85,1,1
NAMAKKAL,1547.99,1412.23,4889.75,7.09,4.68,11.87,10.97,17.54,16.85,14.93,8.65,10.8,7.65,6.65,1,2
PERAMBALUR,1891.53,2003.02,8706.36,4.49,4.63,9.71,8.31,12.27,11.12,11.14,7.98,10.58,5.08,2.71,1,2
PUDUKKOTTAI,1093.06,1148.32,2772.02,5.3,4.5,6.38,7.08,9.93,10.11,7.57,8.21,8.56,4.85,3.47,1,2
RAMANATHAPURAM,1022.64,785.13,1060.66,6.47,3.91,5.02,6.31,6.15,10.13,6.77,6.81,19.8,18.07,3.17,1,1
SALEM,1505.79,1255.32,3634.64,6.76,4.64,12.04,16.4,16.08,16.18,14.84,11.57,14.39,8.91,7.06,1,2
SIVAGANGA,1040.19,859.37,1578.21,5.51,4.1,6.37,7.62,6.98,10.07,9.26,10.27,11.88,8.63,4.77,3,2
THANJAVUR,1485.86,1358.24,2171.71,6.24,4.54,6.74,6.12,11.01,10.03,6.07,6.87,6.87,4.03,2.77,1,1
THE NILGIRIS,12447.92,10050.8,53249.12,4.04,4.39,5.23,5.96,9.69,13.05,4.83,4.23,5.89,4.77,4.43,2,2
THENI,1232.45,954.9,1361.8,9.03,4.4,9.6,12.86,8.76,11.12,12.88,11.96,14.76,12.82,6.52,3,3
THIRUVALLUR,4461.94,3664.08,16475.68,3.87,4.62,5.53,5.52,11.46,12.95,5.49,5.67,13.59,4.33,2.15,3,1
THIRUVARUR,1669.86,1407.91,2004.07,3.91,4.38,5.34,4.71,9.33,10.02,5.86,5.35,5.39,3.13,1.57,0,1
THOOTHUKKUDI,710.01,781.1,1014.38,3.94,4.17,6.15,6.89,7.14,9.91,8.08,5.82,8.45,3.83,2.31,2,2
TIRUCHIRAPPALLI,1170.54,1374.15,5146.6,6.8,4.72,9.9,9.14,13.67,12.39,10.76,9.25,11.08,7.31,5.68,1,2
TIRUNELVELI,856.31,905.79,1284.53,7,4.36,7.29,7.66,8.55,11.98,9.81,6.35,7.68,3.77,5.43,1,1
TIRUPPUR,7117.44,4936.14,23704.79,5.42,4.52,10.59,10.24,9.78,13.04,12.56,9.11,8.29,6.78,6.81,2,2
TIRUVANNAMALAI,1792.89,2618.39,12246.02,4.77,4.62,7.84,9.93,13.77,14.14,9.55,7.19,9.64,5.26,3.16,3,3
VELLORE,2366.11,2652.45,11857.14,7.86,4.63,10.05,11.41,16.29,15.22,9.62,8.88,10.36,7.85,5.8,0,1
VILUPPURAM,1836.55,2162.34,9518.9,5.14,4.62,6.12,7.84,11.57,11.91,10.82,8.17,9.24,4.16,1.66,3,1
VIRUDUNAGAR,922.25,817.57,1012.62,6.43,4.38,8.3,9.68,7.27,10.66,11.94,9.73,12.15,9.91,3.31,2,2
ADILABAD,2605.99,1435.02,2605.99,4.47,5.41,3.59,8.11,8.13,10.37,8.5,9.38,10.35,6.48,5.64,1,2
HYDERABAD,570.75,1072.01,2090.93,5.2,4.65,4.82,4.73,4.55,3.79,4.37,8.2,8.12,11.13,5.45,0,3
KARIMNAGAR,2140.8,1409.26,2185.62,3.34,4.1,3.88,3.36,9.38,12.07,9.18,10.93,12.29,7.05,5.16,3,2
KHAMMAM,795.59,1602.11,3568.24,1.56,1.84,1.67,1.77,1.6,2.44,3.02,6.66,9.69,6.7,4.34,2,2
MAHBUBNAGAR,641.68,1013.77,2724.48,5.16,6.36,6.91,5.19,10.37,12.18,10.47,12.91,14.09,9.99,5.98,1,2
MEDAK,565.78,1269.86,3297.24,6.2,8.18,7.59,5.38,6.52,19.14,15.31,17.74,22.05,16.8,8.98,1,2
NALGONDA,429.27,1198.36,3656.64,1.9,2.37,2.46,1.5,10.09,13.6,10.14,9.97,11.18,8.33,4.55,0,2
NIZAMABAD,6500.06,1807.12,6500.06,6.92,6.38,5.76,5.05,7.68,11.23,8.29,13.33,16.58,9.51,8.03,0,2
RANGAREDDY,591.64,1142.75,2420.95,6.33,7.75,7.61,6.08,8.24,8.27,11.08,14.32,16.77,14,6.42,2,2
WARANGAL,669.81,1515.65,3254.24,2.72,3.35,3.16,2.63,3.47,10.67,8.76,10.13,12.18,6.46,3.7,0,2
DHALAI,7454.39,3030.45,7454.39,3.86,4.03,4.99,4.7,3.71,3.38,4.18,4.52,4.47,4.54,4.31,0,3
NORTH TRIPURA,6106.23,2997.84,6106.23,4.79,4.59,5.34,5.31,4.46,4.35,4.53,4.47,3.3,3.97,4.25,0,3
SOUTH TRIPURA,3397.57,2149.83,3397.57,3.56,3.97,3.94,4.68,3.63,3.27,3.01,2.77,3.61,3.5,3.08,3,4
WEST TRIPURA,3995.53,2310.7,3995.53,6.09,6.39,5.77,12.6,6.86,7.06,3.69,6.18,10.09,9.76,9.57,1,3
AGRA,429.17,1790.83,9261.61,14.29,13.51,9.93,13.92,13.16,20.45,20.57,25.59,33.64,33.29,4.11,2,1
ALIGARH,708.33,996.62,3046.51,7.44,7.27,7.42,6.81,7.32,7.41,7.96,9.42,18.7,24.78,4.11,3,1
AMBEDKAR NAGAR,656.83,1172.85,2695.88,5.04,5.32,5.29,5.41,5.23,6.36,6.05,6.08,13.8,9.38,4.11,3,1
AURAIYA,467.02,855.93,1446.22,6.17,6.76,7.27,6.62,6.44,7.91,6.79,8.57,20.36,20.72,4.11,1,1
AYODHYA,754.93,1237.34,2916.77,5.44,5.37,6.08,5.43,5.74,6.46,6.44,6.32,13.67,9.41,4.11,1,2
AZAMGARH,617.43,1047.3,1852.75,6.32,6.09,5.94,5.3,5.62,6.76,5.92,6.28,15,9.37,4.11,1,1
BAGHPAT,825.86,852.08,1871.49,15.48,17.06,16.65,16.16,14.87,16.06,13.11,16.35,23.63,23.76,4.11,1,1
BAHRAICH,850,1302.54,2494.77,5.12,5.44,4.87,5.99,4.92,4.82,4.53,4.57,13,12.39,4.11,1,1
BALLIA,650.38,1433.01,3412.84,6.52,6.35,6.16,5.44,6,6.78,5.82,6.37,13.94,9.43,4.11,1,1
BALRAMPUR,897.04,1496.37,3828.74,3.92,4.14,4.13,4.33,4.03,5.03,5.13,4.74,13.48,9.61,4.11,1,1
BANDA,1110.68,1046.22,1786,9.5,10.94,8.7,7.28,8.01,9.49,8.22,8.81,18.44,14.43,4.11,1,1
BARA BANKI,644.71,1072.43,2157.41,6.42,6.37,6.2,6.23,5.51,7.08,6.64,7.12,12.64,10.58,4.11,1,1
BAREILLY,704.71,989.28,1579.77,5.23,6.31,6.27,6.15,6.48,6.87,6.4,6.61,15.36,11,4.11,3,1
BASTI,772.64,1379.72,3410.55,4.02,4.08,4.31,3.91,4.08,5.12,5.06,5.2,13.69,9.46,4.11,1,1
BIJNOR,614.58,1263.42,3277.11,6.55,7.49,7.79,6.96,7.59,8.61,9.2,8.76,19.53,20.85,4.11,2,1
BUDAUN,1159.51,774.04,1159.51,7.07,9.28,9.21,8.89,9.56,12.1,12.28,12.7,17.74,14.05,4.11,3,1
BULANDSHAHR,750.16,796.12,1491.1,7.44,6.98,7.59,7.52,7.85,8.7,9,9.74,20.72,22.82,4.11,3,1
CHANDAULI,1261.93,1026.15,1381.63,7.34,7.12,5.83,5.42,3.6,7.15,7.04,7.52,18.95,9.35,4.11,0,1
CHITRAKOOT,982.66,1004.28,1461.76,11.77,13.56,10.92,8.87,11.38,12.92,10.52,9.93,18.39,12.84,4.11,2,2
DEORIA,534.8,1140.64,2398.77,4.49,4.88,4.57,4.46,4.27,5.54,4.43,5.22,13.84,9.45,4.11,1,1
ETAH,498.23,1128.01,4435.18,6.15,6.08,6.66,7.5,7.33,7.99,8.13,10.01,23.29,18.06,4.11,1,1
ETAWAH,1933.29,877.06,1933.29,11.71,11.89,10.59,12.58,11.41,11.74,11.83,13.59,19.98,24.2,4.11,2,1
FARRUKHABAD,1226.69,785.36,1332.46,6.07,7.27,11.51,10.79,10.91,12.69,13.18,8.81,19.71,11.57,4.11,3,1
FATEHPUR,1056.41,858.23,1203.43,9.81,11.54,9.69,9.12,9.2,9.52,10.13,9.7,17.34,12.93,4.11,0,1
FIROZABAD,414.03,1508.98,7343.03,8.72,7.61,8.66,10.84,9.54,15.25,17.9,21.49,28.9,29.26,4.11,3,1
GAUTAM BUDDHA NAGAR,671.83,701.63,1459.81,10.48,11.39,12.7,12.75,13.54,14.95,12.78,15.58,22.09,23.14,4.11,2,1
GHAZIABAD,668.34,785.61,1855.12,9.09,9.59,10.32,10.08,11.57,12.97,11.8,14.82,22.65,23.06,4.11,1,1
GHAZIPUR,1365.67,958.21,1365.67,7.5,8.11,7.17,6.72,6.47,6.76,6.8,6.87,17.64,9.38,4.11,0,1
GONDA,777.98,1386.45,3622.59,3.85,4.21,4.09,3.81,3.78,5.31,5.45,5.47,13.38,9.57,4.11,3,1
GORAKHPUR,2061.68,1086.93,2061.68,5.2,5.4,4.82,4.65,4.14,5.88,5.65,5.57,13.79,9.45,4.11,2,1
HAMIRPUR,1023.26,860.89,1382.62,5.94,6.23,5.16,4.54,3.88,4.81,5.79,6.19,4.19,3.26,3.6,1,1
HARDOI,1554.94,1006.7,1853.47,5.43,5.82,6.28,6.51,6.61,9.15,7.26,6.87,13.11,13.02,4.11,1,1
JALAUN,1108.61,805.43,1208.66,9.74,10.36,9.87,8.68,8.4,10.11,10.11,10.25,22.84,22.47,4.11,0,1
JAUNPUR,1488.19,1072.34,1488.19,7.8,7.48,6.48,5.91,5.12,7.09,6.01,5.77,17.94,9.27,4.11,0,1
JHANSI,1682.56,1006.34,1742.23,7.19,6.59,7.02,6.07,5.91,7.34,7.66,8.23,26.37,26.29,4.11,2,1
JYOTIBA PHULE NAGAR,683.32,1067.91,2592.82,8.54,11.57,10.61,10.26,12.15,12.94,13.6,13.92,19.41,21.13,4.11,0,1
KANNAUJ,1463.39,962.14,2026.04,5.85,8.33,9.23,10.82,9.58,11.37,11.7,9.22,17.75,15.44,4.11,0,1
KANPUR DEHAT,454.66,822.47,1304.79,9,9.8,9.4,9.7,9.78,10.98,9.93,10.7,18.58,19.04,4.11,0,2
KANPUR NAGAR,1233.98,802.57,1266.53,8.88,8.53,7.65,8.08,7.81,10.4,8.58,8.7,16.98,17.22,4.11,3,3
KANSIRAM NAGAR,607.26,776.13,1673.02,5.81,6.91,6.98,6.87,6.58,7.48,7.81,8.31,19.46,13.82,4.11,1,1
KAUSHAMBI,959.43,908.78,1148.54,11.06,14.06,12.83,11.35,11.86,13.18,11.79,10.17,17.85,9.91,4.11,2,1
KHERI,1989.25,1205.65,1989.25,5.07,5.51,5.27,5.43,5.06,5.39,5.16,5.51,13.15,11.93,4.11,3,1
KUSHINAGAR,669.79,1314.08,3632.63,3.95,4.28,4.33,4.18,3.44,5.18,4.38,4.47,13.82,9.48,4.11,3,1
LALITPUR,1016.22,820.49,1497.5,6.04,6.06,5.84,4.68,5.47,8.06,5.47,6.23,28.1,30.39,4.11,0,2
LUCKNOW,552.24,921.86,1264.99,12.13,10.86,10.84,11.36,11.71,13.83,14.67,14.39,10.68,11.76,4.11,2,1
MAHAMAYA NAGAR,528.94,1588.63,7662.39,10.45,10.55,10.96,10.8,10.46,9.68,11.31,13.95,23.48,27.58,4.11,1,1
MAHARAJGANJ,896.8,1222.54,2280.01,4.05,4.14,4.08,3.61,3.33,4.41,4.36,4.56,13.75,9.51,4.11,2,1
MAHOBA,1230.81,1004.08,1647.92,7.07,5.26,6.1,4.32,5.28,7.95,5.56,9.01,20.39,18.41,4.11,3,1
MAINPURI,493.64,836.97,1986.9,4.43,4.19,6.11,7.79,5.03,7.08,7.53,9.75,22.93,18.06,4.11,0,1
MATHURA,576.01,997.08,3275.48,6.43,7.36,6.47,5.96,6.09,6.62,6.66,7.69,24.42,20.71,4.11,3,1
MAU,1747.95,1024.9,1747.95,6.36,6.68,6.01,5.31,5.93,6.08,6.21,6.24,13.87,9.41,4.11,2,1
MEERUT,694.18,1002.11,2789.61,10.35,11.59,10.21,10.2,11.27,11.36,12.67,13.41,23.07,22.52,4.11,1,1
MIRZAPUR,1264.86,1067.11,1660.35,10.19,10.18,8.32,8.56,6.69,9.87,9.63,8.75,18.78,10.15,4.11,1,1
MORADABAD,727.6,1029.86,1881.95,5.02,9.4,10.15,8.52,10.21,11.06,11.45,12,19.04,19.71,4.11,0,1
MUZAFFARNAGAR,732.46,993.6,2562.84,11.67,12.11,11.78,11.43,12.89,13.85,14.77,14.36,23.78,22.55,4.11,0,1
PILIBHIT,854.63,1278.51,2150.97,4.31,4.78,4.18,4.28,4.25,4.52,4.27,4.57,14.59,11.1,4.11,2,1
PRATAPGARH,1154.52,877.19,1203.64,8.8,8.36,7.21,6.5,7.27,8.57,8.65,7.8,17.55,9.22,4.11,0,1
PRAYAGRAJ,1020.45,880.02,1272.33,8.27,8.02,6.89,6.84,7.59,7.35,7.64,8.39,18.25,10.16,4.11,0,1
RAE BARELI,1238.57,859.91,1238.57,6.48,6.16,5.32,5.32,4.45,6.71,6.35,7.07,16.36,9.54,4.11,0,1
RAMPUR,620.72,1032.75,1884.4,4.38,6.34,7.63,6.54,6.38,7.25,7.07,7.85,16.78,12.66,4.11,3,1
SAHARANPUR,777.93,1142.24,2628.88,8.61,9.65,8.63,9.51,9.13,10.09,10.85,10.65,24.25,22.08,4.11,1,1
SANT KABIR NAGAR,799,1199.12,2475.65,4.55,4.41,4.25,4.16,4.04,5.31,5.35,4.98,13.75,9.46,4.11,2,1
SANT RAVI DAS NAGAR(BHADOHI),1289.43,1077.61,1693.11,10.24,11.17,9.64,9.2,7.95,9.85,9.56,6.97,18.44,9.52,4.11,3,1
SHAHJAHANPUR,1607.64,990.56,1607.64,5.58,6.56,6.04,5.66,6.13,6.91,7.03,6.73,15.28,11.14,4.11,3,1
SHRAWASTI,860.67,1419.5,3024.05,4.33,4.8,4.33,4.51,4.11,4.66,4.57,3.98,13.23,10.1,4.11,0,1
SIDDHARTH NAGAR,1011.59,1485.07,3432.71,4.75,4.5,4.65,4.28,3.8,4.48,4.79,4.38,13.64,9.53,4.11,3,1
SITAPUR,730.06,1068.66,1779.63,5.44,5.4,5.55,5.44,5.76,6.31,6.57,6.71,12.37,13.62,4.11,1,1
SONBHADRA,1508.17,1204.64,2054.39,10.35,9.18,8.5,8.07,5.68,8.11,7.29,9.11,19.25,10.58,4.11,0,2
SULTANPUR,672.51,1041.27,2029.5,6.99,7.01,6.83,6.37,6.19,7.55,7.29,7.49,15.14,9.24,4.11,0,1
UNNAO,1198.49,853.26,1269.31,6.66,6.18,5.73,5.65,6.08,8.27,8.09,7.79,13.69,14.47,4.11,2,1
VARANASI,1229.64,982.52,1323.38,10.68,11.99,12.17,11.52,8.97,11.3,11.57,11.6,18.66,9.31,4.11,0,1
ALMORA,1099.24,1979.14,4776.57,20.69,25.1,27.57,27.57,22.17,15.72,16.31,31.83,32.26,30.53,35.27,0,2
BAGESHWAR,1174.37,2158.06,5340.24,25.71,34.57,31.36,34.24,28.03,20.78,20.42,35.19,32.07,29.55,29.03,0,2
CHAMOLI,1220.27,2090.33,4707.35,22.43,24.92,26.79,25.87,22.49,17.01,17.61,29.25,31.9,26.55,35.42,3,4
CHAMPAWAT,1174.43,1531.65,2661.99,9.45,19.91,17.01,22.96,18.67,15.63,15.3,11.58,18.34,14.01,13.57,1,2
DEHRADUN,1597.51,1697.64,2867.93,11.85,13.42,19.14,10.84,13.28,13.05,12.41,12.66,25.5,9.9,11.76,2,2
GARHWAL,1380.85,1948.34,3585.07,8.72,9.4,12.85,10.86,10.13,10.95,9.78,19.83,26.42,20.59,21.58,3,2
HARDWAR,1141.82,1560.67,2767.83,7.39,9.19,8.72,9.73,9.57,8.55,8.78,8.87,26.21,10.47,9.93,3,1
NAINITAL,1247.96,1804.71,3492.18,18.67,22.77,23.42,24.46,18.66,12.45,13.08,24.55,23.56,25.89,25.04,1,1
PITHORAGARH,1142.19,1728.31,3931.88,11.38,27.28,19.87,30.02,19.35,17.98,16.42,27.26,22.77,18.85,16.33,1,4
RUDRAPRAYAG,1156.11,1900.55,3860.37,12.72,13.79,15.53,12.25,15.36,15.29,13.36,18.44,33.3,16.94,15.24,1,2
TEHRI GARHWAL,1447.71,1950.22,3539.42,12.95,13.94,15.78,11.84,15.67,14.98,13.27,16.05,25.04,10.36,10.03,1,2
UDHAM SINGH NAGAR,2667.96,1704.08,2667.96,4.9,6.64,6.12,7.8,5.82,5.53,6.05,8.59,7.67,5.07,5.71,1,1
UTTARKASHI,1196.54,1585.26,2955.91,13.48,15.04,19.43,11.61,15.34,14.72,13.63,15.61,27.45,10.12,11.15,1,4
BANKURA,1075.21,3213.01,9962.08,7.02,6.04,6.21,5.64,5.94,7.33,6.36,5.77,6.92,4.61,4.96,1,2
BARDDHAMAN,5879.17,3180.42,9088.85,10.5,8.73,10.73,10.25,10.56,8.6,9.12,9.3,10.85,10.74,9.53,1,1
BIRBHUM,5013.98,2900.19,8466.45,9.01,9.41,10.84,10.16,10.41,8.13,8,9.59,10.15,9.59,8.46,1,1
DAKSHIN DINAJPUR,4720.73,2706.8,4720.73,7.11,9.83,8.19,8.86,6.88,8.97,5.63,6.84,8.6,4.71,5.08,3,1
DARJILING,2833.44,4108.18,7364.95,5.25,4.37,5.37,5.64,5.01,5.72,5.59,4.28,5.09,4.98,4.79,1,2
HAORA,6448.3,3004.02,7189.4,7.55,7.05,7.03,7.25,7.37,6.5,6.35,4.95,10.04,6.97,6.33,2,1
HUGLI,6648.95,3057.69,7090.74,11.33,10.44,11.86,11.21,11.61,10.55,10.8,10.89,10.03,11.9,10.93,3,1
JALPAIGURI,6148.6,3896.26,6148.6,3.75,3.5,4.75,4.36,3.8,4.54,4.96,3.48,3.33,3.93,4.58,3,2
KOCH BIHAR,10960.15,4739.67,10960.15,3.49,3.33,3.62,4.08,3.2,3.66,3.38,2.63,2.31,3.32,3.38,0,1
KOLKATA,6924.75,3063.12,7044.2,3.97,4.2,3.53,3.48,3.72,1.45,1.99,3.98,8.14,1.87,4.95,2,1
MALDAH,1391.44,2199.79,4719.5,7.42,7.59,8.36,7.19,7.13,7.54,5.63,5.68,7.14,3.63,3.82,1,1
MURSHIDABAD,5216.39,2474.23,5694.89,8.61,8.82,10.43,10.48,9.34,9.54,8.53,8.46,8.25,9.03,8.96,1,1
NADIA,5695.41,2843.85,6889.15,5.59,5.3,6.76,5.81,5.39,5.7,5.82,5.38,10.22,5.17,5.15,2,1
NORTH 24 PARGANAS,6312.1,2827.46,6312.1,6.07,6.29,6.36,6.45,6.29,6.43,7.65,6.58,9.74,5.05,7.33,3,1
PASHCHIM MEDINIPUR,1080.26,2760.01,6457.6,9.87,9.52,11.26,10.24,10.01,10.11,9.28,9.79,8.03,8.91,7.54,0,1
PURBA MEDINIPUR,1120.38,2418.08,5237.35,13.48,10.95,13.96,13.37,13.78,12.56,12.41,14.63,13.41,9.39,11.12,3,1
PURULIYA,909.33,2253.95,5869.3,7.94,6.53,6.34,5.59,6.07,7.79,6.37,5.91,2.93,4.32,4.36,2,2
SOUTH 24 PARGANAS,1134.31,2705.55,5846.27,6.26,6.47,7.07,7.64,7.96,7.99,8.52,9.09,11.96,7.58,10,1,1
UTTAR DINAJPUR,4334.19,2867.69,4334.19,4.14,4.49,4.9,5.07,4.32,5.6,3.93,4.47,6.56,3.37,3.42,0,1
